car_make,car_model,car_count,avg_revenue,avg_cost,avg_profit,avg_profit_margin,avg_utilization,avg_rental_days
Volkswagen,CC,1,5277629.0,8576.880000000001,5269052.12,0.9983748611355592,0.0,2.0
GMC,Rally Wagon G3500,1,4651327.0,7354.32,4643972.68,0.9984188770215466,0.0,4.0
Hyundai,XG300,1,4647840.0,8382.0,4639458.0,0.9981965816379221,0.3041095890410959,7.0
Lotus,Evora,1,4501565.0,7542.719999999999,4494022.28,0.99832442272854,0.1726027397260274,1.0
Chevrolet,G-Series 3500,1,4437272.0,7406.280000000001,4429865.72,0.998330893395762,0.24383561643835616,4.0
Pontiac,G5,1,4429316.0,7809.599999999999,4421506.4,0.9982368383741418,0.3452054794520548,3.0
Dodge,Ram Van B250,1,4423571.0,6615.48,4416955.52,0.9985044933154683,0.29863013698630136,4.0
Volvo,V90,1,4402184.0,8022.12,4394161.88,0.9981776954348114,0.23835616438356164,7.0
Acura,ZDX,1,4290341.0,9911.16,4280429.84,0.997689889917841,0.3863013698630137,3.0
Volkswagen,Routan,2,4156440.0,7829.58,4148610.42,0.9981029420813714,0.28356164383561644,5.0
Mercedes-Benz,300SE,2,4090238.5,8379.119999999999,4081859.38,0.9979267616987092,0.0,4.0
Mitsubishi,Chariot,2,4030872.0,7928.580000000001,4022943.42,0.9977368204397936,0.3410958904109589,5.0
Hyundai,Veracruz,2,4012244.5,9622.08,4002622.42,0.9974675308067462,0.3,4.0
Chevrolet,Beretta,3,4009122.3333333335,8527.36,4000594.973333333,0.9973572636598028,0.21552511415525114,4.0
Ford,EXP,2,3932798.0,8402.7,3924395.3,0.9978602503619549,0.0,3.5
Pontiac,Daewoo Kalos,1,3931042.0,10484.880000000001,3920557.12,0.997332798784648,0.16986301369863013,6.0
Chevrolet,Suburban,2,3888429.5,10055.279999999999,3878374.2199999997,0.9974027183738907,0.1095890410958904,1.5
Mazda,Mazdaspeed6,1,3886898.0,9167.759999999998,3877730.24,0.9976413685154589,0.29863013698630136,7.0
Nissan,Stanza,1,3867472.0,8727.96,3858744.04,0.9977432389943612,0.24383561643835616,3.0
Subaru,SVX,1,3852475.0,10009.8,3842465.2,0.9974017222694502,0.0,4.0
Chevrolet,Avalanche 1500,1,3826433.0,7045.920000000001,3819387.08,0.9981586192676051,0.0,1.0
Chevrolet,HHR,1,3809276.0,6461.64,3802814.36,0.9983037091562805,0.29315068493150687,5.0
Cadillac,Eldorado,4,3784741.5,9423.42,3775318.08,0.9974948471441453,0.14383561643835616,3.25
Shelby,GT350,1,3763290.0,8867.039999999999,3754422.96,0.9976438063502946,0.27945205479452057,5.0
Chrysler,Crossfire Roadster,1,3753852.0,6766.799999999999,3747085.2,0.998197371659831,0.2356164383561644,7.0
Scion,xA,1,3752499.0,6943.799999999999,3745555.2,0.9981495531377891,0.2273972602739726,3.0
Audi,RS 6,2,3744381.0,7744.800000000001,3736636.2,0.9979318738900937,0.22465753424657534,5.0
Lincoln,MKT,1,3732369.0,9732.48,3722636.52,0.9973924121650352,0.3287671232876712,7.0
Isuzu,Ascender,2,3711817.5,7750.199999999999,3704067.3,0.997424368700581,0.0,5.5
Ford,F450,3,3700899.6666666665,7984.72,3692914.946666667,0.9976904901638052,0.14155251141552513,3.3333333333333335
Toyota,Cressida,1,3699942.0,8654.400000000001,3691287.6,0.9976609363065692,0.32054794520547947,4.0
Volkswagen,Eos,1,3698881.0,9549.0,3689332.0,0.9974184084321718,0.20273972602739726,7.0
Lincoln,Blackwood,2,3683995.0,7343.5199999999995,3676651.4800000004,0.9978411865474202,0.1410958904109589,2.5
Mitsubishi,Mighty Max Macro,1,3656136.0,7646.040000000001,3648489.96,0.9979087101792712,0.0,1.0
Infiniti,IPL G,2,3652252.0,8440.8,3643811.2,0.9976059270502013,0.0,4.0
Honda,Accord Crosstour,2,3649484.0,7643.64,3641840.3600000003,0.9978077902438565,0.19726027397260273,4.0
Lincoln,MKZ,4,3647663.25,8179.74,3639483.51,0.9976739591179342,0.0,3.75
Chevrolet,Venture,2,3646497.5,8286.06,3638211.44,0.9974180628258964,0.25068493150684934,5.5
Audi,A3,2,3632269.5,7350.06,3624919.44,0.9979599763217023,0.12602739726027398,2.0
Toyota,T100,2,3624600.0,7395.120000000001,3617204.88,0.9977468752772394,0.15753424657534246,3.5
Honda,CR-X,1,3622098.0,8561.16,3613536.84,0.9976364085124146,0.0,2.0
Chrysler,Aspen,1,3601043.0,8116.4400000000005,3592926.56,0.997746086342207,0.27945205479452057,5.0
Mitsubishi,Sigma,1,3600068.0,7744.079999999999,3592323.92,0.9978489072984177,0.27945205479452057,3.0
Suzuki,SJ 410,1,3600052.0,9448.32,3590603.68,0.9973755045760451,0.0,5.0
MG,MGB,2,3596367.0,8828.34,3587538.66,0.9974533152702909,0.14794520547945206,3.5
Nissan,Cube,2,3594743.0,9541.619999999999,3585201.38,0.9971203928267245,0.22602739726027396,5.5
Nissan,Titan,1,3586570.0,8071.4400000000005,3578498.56,0.9977495378592918,0.3561643835616438,6.0
Infiniti,G35,2,3584933.0,10078.14,3574854.8600000003,0.9965244857308431,0.09726027397260274,6.0
Audi,Q5,2,3574969.0,7827.240000000001,3567141.76,0.9977866410663023,0.25753424657534246,7.0
Pontiac,1000,5,3574128.4,7966.32,3566162.0799999996,0.9977627480007095,0.04219178082191781,4.8
Chevrolet,Silverado Hybrid,1,3559777.0,7877.400000000001,3551899.6,0.9977871085744978,0.0,7.0
Dodge,D150,2,3558391.5,6904.44,3551487.0599999996,0.9977479907205646,0.24246575342465754,5.0
Porsche,924,1,3549671.0,9540.960000000001,3540130.04,0.9973121565350704,0.2136986301369863,7.0
BMW,M,1,3543997.0,6220.200000000001,3537776.8,0.998244863074094,0.0,5.0
Audi,4000s,1,3536708.0,8315.52,3528392.48,0.9976487965644888,0.3013698630136986,2.0
Hyundai,Equus,1,3536419.0,9036.24,3527382.76,0.997444805041484,0.0,5.0
Aston Martin,Vantage,2,3531052.0,8003.159999999999,3523048.84,0.997656323951653,0.21095890410958903,6.0
Plymouth,Acclaim,2,3526818.0,8672.28,3518145.7199999997,0.9975341043813828,0.2904109589041096,4.5
Lexus,LFA,1,3525313.0,7619.88,3517693.12,0.9978385238417128,0.28493150684931506,4.0
GMC,Sierra 3500HD,1,3527634.0,10233.84,3517400.16,0.9970989507414886,0.0,7.0
Ford,Festiva,2,3510408.5,8425.800000000001,3501982.7,0.9975028771273244,0.1589041095890411,5.5
Hummer,H3,3,3509627.3333333335,7709.759999999999,3501917.573333333,0.9977689377385334,0.18904109589041096,2.6666666666666665
Chrysler,300M,4,3506975.25,7633.68,3499341.5700000003,0.9977869059267113,0.1143835616438356,5.0
Mercedes-Benz,300TE,1,3504938.0,9959.76,3494978.24,0.997158363428968,0.0,5.0
Chevrolet,Cruze,1,3501930.0,7409.64,3494520.36,0.9978841267529619,0.0,3.0
Isuzu,Hombre,3,3502844.6666666665,8460.119999999999,3494384.546666667,0.9973832246190257,0.12511415525114156,6.0
Audi,S4,6,3502984.6666666665,8863.56,3494121.106666667,0.9973861676730675,0.14246575342465753,2.0
Austin,Mini Cooper,2,3492151.0,9145.92,3483005.08,0.9973361769051685,0.20410958904109588,2.5
Ford,F-250 Super Duty,1,3492035.0,9138.48,3482896.52,0.997383050284433,0.3287671232876712,3.0
Mercedes-Benz,CLS-Class,1,3484714.0,6488.52,3478225.48,0.99813800501275,0.36712328767123287,5.0
Suzuki,Equator,3,3487017.6666666665,8980.56,3478037.106666667,0.9971491639109433,0.21826484018264838,3.6666666666666665
Audi,4000CS Quattro,1,3481141.0,6599.16,3474541.84,0.9981043112014135,0.33972602739726027,6.0
Chevrolet,Avalanche,2,3478273.0,8099.58,3470173.42,0.9976587823010126,0.2465753424657534,6.0
Bentley,Brooklands,3,3475362.0,7927.68,3467434.32,0.9975023841618516,0.20182648401826486,5.333333333333333
Ford,Freestar,4,3470953.5,8393.310000000001,3462560.19,0.9973333231411614,0.15547945205479452,3.25
Buick,Estate,1,3469652.0,8132.039999999999,3461519.96,0.9976562375707996,0.19726027397260273,5.0
BMW,325,1,3457117.0,7242.959999999999,3449874.04,0.9979049132557561,0.0,4.0
Audi,Quattro,1,3455920.0,10465.2,3445454.8,0.9969718049028912,0.25205479452054796,7.0
Maserati,Gran Sport,1,3453970.0,9895.800000000001,3444074.2,0.9971349490586195,0.0,2.0
Cadillac,XLR,4,3451860.5,8278.5,3443582.0,0.9974202440939998,0.11232876712328768,4.5
Ford,Focus ST,1,3450097.0,9093.72,3441003.28,0.9973642132380626,0.2493150684931507,5.0
Honda,Fit,3,3443218.3333333335,7455.72,3435762.6133333333,0.9978163846455114,0.0,5.333333333333333
Hyundai,XG350,2,3442577.5,8304.36,3434273.14,0.99758677860817,0.0,5.0
Plymouth,Laser,3,3440971.3333333335,9063.96,3431907.3733333335,0.9969120474094075,0.0593607305936073,2.3333333333333335
Buick,Rainier,2,3430411.0,9424.02,3420986.98,0.9966850822695132,0.28493150684931506,4.5
Chevrolet,Silverado,5,3424868.0,8879.568,3415988.432,0.9971989952506888,0.16986301369863016,3.4
Pontiac,Firebird,6,3422871.0,8682.980000000001,3414188.0199999996,0.9972643931387282,0.24703196347031964,3.5
Plymouth,Breeze,2,3418058.0,8888.34,3409169.66,0.9968437919512754,0.15342465753424658,4.0
Land Rover,Defender 90,3,3410051.6666666665,6993.44,3403058.2266666666,0.9977826972388607,0.22922374429223744,5.333333333333333
Aston Martin,DB9,7,3410588.714285714,7937.142857142857,3402651.5714285714,0.9974305912212482,0.19412915851272014,5.0
GMC,Vandura 3500,2,3408817.0,8337.0,3400480.0,0.9975440060729595,0.0,4.0
Mercedes-Benz,GL-Class,4,3405904.5,8386.89,3397517.6100000003,0.9973357848931705,0.13082191780821917,4.0
Cadillac,SRX,4,3404850.0,8070.45,3396779.55,0.997618864332482,0.13630136986301372,2.25
Jaguar,XK Series,4,3402067.5,8878.619999999999,3393188.88,0.9973875215538501,0.18424657534246575,3.75
Nissan,Leaf,1,3400802.0,8235.119999999999,3392566.88,0.9975784770768777,0.0,2.0
Honda,del Sol,2,3400354.5,8909.34,3391445.16,0.9971707168968658,0.32465753424657534,5.0
Oldsmobile,Achieva,4,3397241.75,8351.7,3388890.05,0.997513150222557,0.0,4.75
Dodge,Ram,3,3383439.0,8069.720000000001,3375369.28,0.9975986919130774,0.047488584474885846,4.0
Pontiac,G6,3,3382524.6666666665,7637.200000000001,3374887.466666667,0.9977057649530939,0.2009132420091324,5.333333333333333
Chevrolet,Silverado 3500HD,1,3376580.0,6607.92,3369972.08,0.9980430139371791,0.0,1.0
Suzuki,Daewoo Magnus,2,3377605.0,7848.599999999999,3369756.4000000004,0.9975993089312973,0.0,5.5
Volkswagen,GLI,2,3377284.0,9903.899999999998,3367380.0999999996,0.9969496683205257,0.0958904109589041,2.0
Lincoln,Continental,13,3375216.846153846,8670.738461538462,3366546.107692308,0.997258358130632,0.18819810326659642,4.615384615384615
Mercedes-Benz,SLR McLaren,2,3374704.0,9583.86,3365120.14,0.9971608468137647,0.12876712328767123,4.0
Lexus,IS-F,3,3372358.0,7828.8,3364529.1999999997,0.997662423362237,0.0867579908675799,6.0
Alfa Romeo,Spider,4,3372674.25,9323.849999999999,3363350.4,0.9972282983686315,0.0958904109589041,5.5
Chevrolet,Blazer,10,3370242.9,8290.116,3361952.7840000005,0.9974446925294093,0.22821917808219178,4.4
Suzuki,SX4,5,3369356.6,8716.944,3360639.6560000004,0.9972194087948532,0.16493150684931507,6.0
Dodge,Journey,2,3367813.5,8052.66,3359760.84,0.9975070837885165,0.0,4.5
Honda,S2000,3,3361512.6666666665,8352.16,3353160.5066666664,0.9974966903998489,0.19269406392694063,3.6666666666666665
Lamborghini,Gallardo,6,3357331.1666666665,8105.78,3349225.3866666667,0.9970464561249942,0.2009132420091324,4.833333333333333
Kia,Spectra5,1,3357610.0,8841.72,3348768.28,0.997366662596311,0.0,1.0
Audi,V8,1,3353969.0,7758.12,3346210.88,0.9976868838084073,0.2547945205479452,7.0
Scion,tC,1,3348588.0,7255.08,3341332.92,0.9978333912682001,0.2547945205479452,6.0
Honda,Civic Si,2,3349004.0,8699.34,3340304.66,0.9973748708924144,0.2589041095890411,5.5
Ford,Tempo,1,3350789.0,10693.2,3340095.8,0.9968087516104416,0.36164383561643837,6.0
Lincoln,Navigator L,3,3343206.6666666665,8172.16,3335034.5066666664,0.9975482917319597,0.0,5.333333333333333
Bentley,Continental Super,1,3344151.0,9715.08,3334435.92,0.9970949039083462,0.0,7.0
BMW,Z3,5,3337379.0,8318.664,3329060.336,0.9974871415311662,0.04767123287671233,4.4
Daewoo,Leganza,2,3335729.5,7368.300000000001,3328361.2,0.9977124321336988,0.12876712328767123,5.5
BMW,Z4,6,3336116.8333333335,8156.12,3327960.7133333334,0.9974303566216984,0.289041095890411,3.6666666666666665
Geo,Prizm,4,3334294.25,7818.09,3326476.16,0.997657358246139,0.19794520547945205,3.75
GMC,2500 Club Coupe,3,3330854.6666666665,6868.32,3323986.346666667,0.9976543480407555,0.21643835616438356,3.0
Dodge,Challenger,2,3329900.0,8772.060000000001,3321127.94,0.9971209034006988,0.14794520547945206,5.0
Daihatsu,Charade,2,3329630.5,9177.18,3320453.3200000003,0.997242808855797,0.2821917808219178,4.5
Spyker,C8,2,3326244.0,9364.56,3316879.44,0.9971709575164567,0.0,5.5
BMW,X5 M,4,3323867.0,7517.1900000000005,3316349.81,0.9976889425106534,0.17191780821917807,3.25
Mazda,RX-8,5,3323981.4,9058.560000000001,3314922.84,0.997163404968191,0.1654794520547945,2.2
Nissan,Maxima,9,3322760.3333333335,8416.76,3314343.5733333332,0.9973466162754688,0.0898021308980213,5.222222222222222
Chevrolet,Suburban 1500,10,3320025.3,7629.503999999999,3312395.796,0.9976016579922241,0.16383561643835615,3.0
Chevrolet,Tracker,4,3319981.5,8176.469999999999,3311805.0300000003,0.997423959644558,0.05273972602739726,4.5
GMC,Suburban 1500,7,3318595.1428571427,8293.971428571429,3310301.1714285715,0.9972856650061283,0.15381604696673193,3.0
Mercedes-Benz,Sprinter 3500,1,3316982.0,8243.64,3308738.36,0.9975147166912572,0.27671232876712326,6.0
Lincoln,Mark VIII,1,3316622.0,9847.56,3306774.44,0.9970308464455702,0.273972602739726,6.0
Infiniti,QX,8,3311971.625,7895.925,3304075.7,0.99755720585544,0.1315068493150685,3.875
Hyundai,Excel,1,3310845.0,8247.0,3302598.0,0.9975090951101607,0.2328767123287671,5.0
Lincoln,LS,5,3309193.2,8239.416000000001,3300953.784,0.9974237400760926,0.2536986301369863,5.4
GMC,Savana,7,3304985.1428571427,7262.348571428572,3297722.794285714,0.9972429126950987,0.15655577299412915,4.0
Citro√´n,2CV,1,3300566.0,7520.64,3293045.36,0.9977214089946996,0.0,5.0
Toyota,4Runner,11,3296049.272727273,7711.167272727273,3288338.105454545,0.997503876681285,0.09489414694894148,3.1818181818181817
Buick,Riviera,7,3295458.1428571427,9570.394285714287,3285887.7485714285,0.9967367576762933,0.18043052837573387,4.571428571428571
Renault,Alliance,2,3292146.0,6385.02,3285760.98,0.9980624141645116,0.15205479452054796,5.5
Chevrolet,Citation,1,3292715.0,7562.88,3285152.12,0.997703147706376,0.0,4.0
Ford,Courier,3,3290752.6666666665,9062.96,3281689.706666667,0.9971520211400219,0.1004566210045662,1.6666666666666667
Ford,Taurus X,2,3284512.5,8312.880000000001,3276199.62,0.9972548774550002,0.25753424657534246,3.0
Honda,Ridgeline,4,3279056.0,8431.77,3270624.23,0.9973347375076254,0.13767123287671235,4.5
BMW,M3,7,3276393.714285714,7028.862857142857,3269364.8514285716,0.9977127698080972,0.14246575342465753,4.857142857142857
Kia,Forte,2,3276241.5,7053.539999999999,3269187.96,0.9978339817256598,0.1684931506849315,7.0
Chrysler,Imperial,2,3277226.0,8793.84,3268432.16,0.9972792536149946,0.2808219178082192,4.5
Mercury,Mountaineer,6,3274330.3333333335,7995.14,3266335.1933333334,0.9974730938335746,0.22009132420091326,6.166666666666667
Pontiac,Solstice,3,3272763.3333333335,7774.599999999999,3264988.733333333,0.9973945224666534,0.23013698630136983,4.333333333333333
Nissan,Pathfinder,16,3268203.375,8289.1425,3259914.2325,0.9973050884310257,0.18184931506849317,5.3125
Audi,A6,13,3266685.923076923,8809.33846153846,3257876.5846153847,0.997084845473323,0.11696522655426765,4.6923076923076925
Lamborghini,Murci√©lago,6,3265592.0,8113.34,3257478.66,0.9975162752552285,0.1415525114155251,4.333333333333333
GMC,Sierra 2500,5,3260721.4,7658.4,3253063.0,0.9973159711891004,0.17863013698630137,3.8
Toyota,RAV4,14,3259644.1428571427,8378.125714285714,3251266.0171428574,0.9973307628632752,0.13072407045009785,4.0
Volvo,740,1,3255822.0,8752.8,3247069.2,0.9973116466440733,0.17534246575342466,7.0
Lotus,Elan,1,3247653.0,7318.560000000001,3240334.44,0.9977465080167124,0.0,4.0
Honda,Insight,4,3248577.5,8990.97,3239586.53,0.997202905053818,0.17123287671232876,4.0
Toyota,T100 Xtra,3,3245621.3333333335,8718.480000000001,3236902.8533333335,0.9972697310329863,0.24200913242009134,3.3333333333333335
Ford,F250,16,3242105.5,8187.42,3233918.08,0.9973367975143833,0.13047945205479453,3.75
Mazda,MX-6,4,3242787.25,8939.49,3233847.76,0.9971700628852512,0.1410958904109589,3.25
Isuzu,Oasis,1,3233462.0,5984.16,3227477.84,0.9981493025122917,0.0,3.0
Isuzu,i-280,1,3233521.0,6588.960000000001,3226932.04,0.9979622955904724,0.16712328767123288,1.0
Chevrolet,Caprice Classic,2,3233899.0,7630.74,3226268.26,0.9976269694149489,0.3027397260273973,5.0
Kia,Mentor,1,3234583.0,8934.96,3225648.04,0.9972376779325187,0.0,1.0
Mazda,Mazdaspeed 3,1,3231358.0,7260.959999999999,3224097.04,0.9977529694945593,0.273972602739726,6.0
Bentley,Azure,1,3230774.0,8736.6,3222037.4,0.9972958182776016,0.33972602739726027,7.0
Dodge,Shadow,2,3227478.5,7372.62,3220105.88,0.9976894744299516,0.0,4.5
GMC,1500 Club Coupe,3,3225741.3333333335,8175.32,3217566.013333333,0.9972238392348834,0.0,1.6666666666666667
Infiniti,FX,3,3224245.3333333335,7101.52,3217143.813333333,0.9976769213056403,0.12420091324200914,5.0
Infiniti,G37,3,3225144.3333333335,8914.24,3216230.0933333333,0.9970406774560386,0.0867579908675799,3.0
Lexus,LX,11,3222186.727272727,8336.989090909092,3213849.738181818,0.9973254104664094,0.14794520547945206,4.181818181818182
Buick,Hearse,1,3222468.0,9009.84,3213458.16,0.997204056021658,0.0,1.0
Dodge,Ram Van B350,1,3216612.0,7281.6,3209330.4,0.9977362516834483,0.0,7.0
Chevrolet,Caprice,6,3210117.0,8026.580000000001,3202090.42,0.9973510755545454,0.06484018264840183,4.0
Mercury,Milan,2,3207126.5,7854.299999999999,3199272.2,0.9975347805675623,0.14246575342465753,4.0
Mercedes-Benz,600SEL,2,3205812.0,9607.14,3196204.86,0.9969786670704779,0.16164383561643836,4.5
Mercedes-Benz,500SEL,3,3203727.3333333335,7593.8,3196133.533333333,0.9976036160617466,0.14337899543378996,2.6666666666666665
Lexus,CT,1,3202644.0,8054.76,3194589.24,0.9974849655472167,0.0,6.0
Ford,Falcon,2,3200701.0,8606.400000000001,3192094.6,0.9971731819362359,0.0,4.0
Mercury,Mystique,1,3197603.0,8498.400000000001,3189104.6,0.9973422591860216,0.0,4.0
Acura,SLX,1,3197125.0,10222.920000000002,3186902.08,0.9968024647143918,0.0,3.0
Geo,Storm,2,3192711.0,8360.34,3184350.66,0.9969264053642148,0.0,5.0
Volkswagen,GTI,12,3192492.5,8307.699999999999,3184184.8000000003,0.9972956809471457,0.14497716894977167,3.75
Land Rover,Defender Ice Edition,1,3191956.0,8024.52,3183931.48,0.9974860179776914,0.0,2.0
Plymouth,Grand Voyager,6,3188812.0,8315.359999999999,3180496.64,0.9972084242063691,0.14794520547945206,4.666666666666667
Buick,Lucerne,3,3187923.3333333335,7433.84,3180489.4933333336,0.9975616334031415,0.0,4.666666666666667
Infiniti,J,5,3187995.6,7628.447999999999,3180367.152,0.9974606776765599,0.15232876712328766,4.2
Toyota,Celica,10,3186429.2,8149.764,3178279.4359999998,0.997191359682646,0.13506849315068492,5.6
Nissan,Murano,2,3185820.5,8242.2,3177578.3,0.9974021982152229,0.13424657534246576,3.5
Pontiac,Grand Prix Turbo,1,3182367.0,7330.5599999999995,3175036.44,0.9976965070339153,0.0,1.0
Chevrolet,SSR,4,3183026.0,8956.74,3174069.26,0.99705027403644,0.14452054794520547,5.75
Ford,Bronco,6,3182541.0,8519.66,3174021.34,0.9972804597806865,0.03561643835616438,4.333333333333333
Mazda,Familia,1,3177641.0,8309.28,3169331.72,0.9973850790570742,0.0,6.0
Daewoo,Lanos,6,3175844.1666666665,8647.92,3167196.2466666666,0.9970877059832257,0.08401826484018265,1.8333333333333333
Cadillac,Seville,4,3174473.75,7707.93,3166765.82,0.9975281100821014,0.12397260273972603,2.5
Audi,A8,11,3174781.3636363638,8215.472727272727,3166565.8909090906,0.9972959535877982,0.06077210460772105,4.181818181818182
Mitsubishi,Eclipse,12,3174489.75,8262.31,3166227.44,0.9972389512440398,0.13310502283105022,3.1666666666666665
Acura,NSX,7,3172295.0,8058.171428571428,3164236.8285714285,0.9972957491165585,0.2442270058708415,4.428571428571429
Ford,Focus,11,3169356.1818181816,8771.541818181817,3160584.64,0.9970703623261556,0.08866749688667497,4.2727272727272725
Lincoln,Zephyr,1,3168414.0,10687.32,3157726.68,0.9966269180732064,0.3150684931506849,6.0
Bentley,Continental GT,2,3166728.5,9065.880000000001,3157662.62,0.9968214887929767,0.33835616438356164,4.0
Chevrolet,Aveo,5,3165177.6,8255.039999999999,3156922.5599999996,0.9973129846525207,0.06246575342465753,3.4
Mitsubishi,Precis,3,3161225.6666666665,7343.919999999999,3153881.746666666,0.9973984914104204,0.12328767123287672,4.333333333333333
Mazda,MX-5,11,3160378.3636363638,8339.25818181818,3152039.105454546,0.997256727887322,0.15740971357409714,4.7272727272727275
Mercury,Cougar,13,3157655.6153846155,8034.498461538461,3149621.116923077,0.9972856709945292,0.2071654373024236,3.3846153846153846
Lexus,SC,9,3154176.4444444445,8570.72,3145605.7244444443,0.9971416324634986,0.17838660578386606,5.111111111111111
Acura,TL,5,3150731.4,7495.56,3143235.84,0.9974734054419274,0.1715068493150685,4.2
Lexus,RX,5,3151067.6,7938.911999999999,3143128.688,0.9974078638734705,0.05041095890410959,4.8
Chevrolet,Corsica,3,3142453.3333333335,7918.88,3134534.453333333,0.9973542733261628,0.2675799086757991,3.6666666666666665
Ford,F150,6,3139186.1666666665,7708.66,3131477.5066666664,0.997437591564711,0.08356164383561644,3.5
GMC,Suburban 2500,8,3137891.375,8374.53,3129516.845,0.997244577897554,0.18082191780821918,3.125
Ford,Escape,5,3136931.8,7806.695999999999,3129125.104,0.9974525361035681,0.2010958904109589,4.6
Buick,Special,1,3139460.0,10764.0,3128696.0,0.9965713848878469,0.0,3.0
Ford,Fusion,3,3137021.0,9307.800000000001,3127713.1999999997,0.9969911231772716,0.0639269406392694,4.0
Nissan,Quest,14,3132971.9285714286,8873.271428571428,3124098.6571428576,0.9969816541624583,0.23816046966731896,3.857142857142857
Nissan,Armada,5,3132082.6,8163.9839999999995,3123918.616,0.9972404333876999,0.18465753424657533,4.0
Kia,Sephia,10,3129958.2,7646.124000000001,3122312.076,0.9974049655530848,0.16821917808219178,4.7
Dodge,Viper RT/10,4,3130405.25,8329.08,3122076.17,0.9971457618057278,0.2547945205479452,4.25
Chrysler,LeBaron,2,3126616.0,6008.52,3120607.48,0.9980654611158318,0.1136986301369863,3.5
Subaru,XT,3,3128877.6666666665,8479.12,3120398.546666667,0.9972454288851401,0.20913242009132418,4.666666666666667
GMC,Acadia,2,3129565.5,9547.2,3120018.3,0.9967622938791486,0.38082191780821917,4.5
Panoz,Esperante,1,3128622.0,8783.28,3119838.72,0.9971926042839309,0.0,5.0
Ford,Econoline E150,8,3127165.25,9222.225,3117943.025,0.9970424593505747,0.2089041095890411,4.75
Ford,E150,9,3125012.222222222,7735.386666666666,3117276.8355555553,0.9972815741795164,0.16316590563165906,3.5555555555555554
Scion,FR-S,1,3123281.0,7486.5599999999995,3115794.44,0.9976029822484752,0.0,2.0
Mercedes-Benz,300SL,1,3121453.0,7043.400000000001,3114409.6,0.9977435508399454,0.0,7.0
Oldsmobile,LSS,3,3121468.6666666665,8469.64,3112999.026666667,0.9972867572895415,0.08310502283105023,3.0
Suzuki,Swift,9,3120661.111111111,8468.293333333333,3112192.8177777776,0.9971381106537012,0.16042617960426178,2.888888888888889
GMC,Vandura 1500,2,3120486.5,8710.98,3111775.52,0.9972100917359674,0.21780821917808219,4.5
Mercury,Mariner,6,3119370.1666666665,9004.32,3110365.846666666,0.9969348098065707,0.20182648401826486,3.3333333333333335
Acura,Vigor,1,3113208.0,6422.160000000001,3106785.84,0.9979371246636909,0.0,5.0
Mitsubishi,Lancer Evolution,1,3112999.0,6975.0,3106024.0,0.9977593953611935,0.0,5.0
Dodge,Intrepid,11,3113214.727272727,8028.501818181817,3105186.225454546,0.9973507669562796,0.12378580323785804,5.0
Dodge,Caravan,13,3112635.4615384615,7980.2307692307695,3104655.230769231,0.9971067437095557,0.17934668071654375,4.0
Cadillac,Fleetwood,4,3108804.75,8274.96,3100529.79,0.9972763426458136,0.13561643835616438,4.75
Chevrolet,Impala,6,3107122.1666666665,7604.759999999999,3099517.4066666667,0.9974575687013547,0.14840182648401826,4.333333333333333
GMC,Savana 3500,5,3108596.6,9104.880000000001,3099491.7199999997,0.9970038924072202,0.1095890410958904,4.4
Hyundai,Entourage,4,3107448.0,8512.92,3098935.08,0.9971566770620552,0.13904109589041097,5.0
Ferrari,458 Italia,2,3107048.0,8529.96,3098518.04,0.9970280746490543,0.1273972602739726,6.0
Chrysler,300,6,3105236.1666666665,7430.579999999999,3097805.5866666664,0.9974892292854026,0.1776255707762557,5.333333333333333
Chevrolet,Camaro,13,3104454.923076923,8097.673846153847,3096357.2492307695,0.997305461161372,0.14710221285563752,4.076923076923077
Ford,Windstar,7,3104752.285714286,8603.211428571429,3096149.0742857144,0.9970870741574027,0.1178082191780822,3.5714285714285716
Pontiac,Montana SV6,4,3104503.25,8544.36,3095958.89,0.997177405454369,0.09041095890410959,4.5
Subaru,Loyale,2,3104690.0,8791.44,3095898.56,0.9971885570611836,0.1726027397260274,5.5
Jeep,Liberty,5,3100644.2,8200.08,3092444.12,0.9973199984923765,0.05917808219178082,3.4
Volvo,V70,9,3095923.111111111,8627.493333333334,3087295.617777778,0.9970625166408724,0.2264840182648402,3.111111111111111
Volvo,S40,5,3091151.4,8305.992,3082845.408,0.9971489299186282,0.23013698630136986,2.8
Jaguar,XF,2,3088265.0,8280.3,3079984.7,0.9972870250958163,0.0,4.0
Ford,Mustang,18,3088256.9444444445,8340.980000000001,3079915.9644444445,0.9972398101576443,0.06940639269406393,4.055555555555555
Isuzu,Space,4,3088267.0,8450.64,3079816.36,0.9972565481454816,0.19246575342465755,6.5
Chrysler,Concorde,9,3085996.6666666665,7966.226666666666,3078030.44,0.9970435864636499,0.07945205479452054,4.111111111111111
Cadillac,Escalade,7,3086941.1428571427,8992.011428571428,3077949.131428572,0.997015257231798,0.16320939334637966,4.857142857142857
Mitsubishi,L300,2,3085183.0,7655.280000000001,3077527.7199999997,0.9974898256019397,0.0,5.0
Audi,Q7,4,3083216.75,7907.61,3075309.14,0.9972641342309996,0.1458904109589041,2.0
Chevrolet,Cavalier,8,3079589.375,8399.835,3071189.54,0.99720996588029,0.2493150684931507,3.875
Dodge,Stratus,8,3078841.375,7931.52,3070909.855,0.9973219498003469,0.19383561643835617,4.125
Isuzu,Amigo,6,3076080.5,8057.04,3068023.4600000004,0.99726600450371,0.1223744292237443,4.833333333333333
Mazda,B-Series,16,3074266.4375,8222.01,3066044.4274999998,0.9972002656576884,0.19092465753424656,4.0625
Pontiac,Bonneville,14,3074251.9285714286,8521.191428571428,3065730.737142857,0.9970597836533522,0.1448140900195695,3.7857142857142856
Ford,Econoline E250,9,3071068.3333333335,7675.853333333333,3063392.48,0.9972678044560096,0.18934550989345508,4.333333333333333
Porsche,Cayman,6,3070240.6666666665,7957.02,3062283.6466666665,0.9970102216883454,0.2264840182648402,4.833333333333333
Audi,5000S,2,3070537.5,8567.939999999999,3061969.56,0.9972124768210328,0.14520547945205478,5.5
Pontiac,Vibe,5,3069481.6,8970.768,3060510.832,0.996853374163237,0.11506849315068494,4.4
Dodge,Ram Van B150,5,3064195.0,8608.704000000002,3055586.296,0.9971045579145764,0.06684931506849315,3.6
Honda,CR-V,8,3061187.25,8122.29,3053064.96,0.9968263678596012,0.0660958904109589,3.875
Lincoln,Continental Mark VII,6,3060298.8333333335,8198.06,3052100.7733333334,0.9971762064538999,0.09452054794520548,4.0
Buick,Electra,2,3058478.0,7736.16,3050741.84,0.9973233758365949,0.11917808219178082,3.0
Audi,R8,4,3057227.25,9433.68,3047793.57,0.9968399688934747,0.14657534246575343,4.0
Mercedes-Benz,S-Class,15,3055854.1333333333,8859.896,3046994.2373333336,0.9969165051576054,0.11926940639269405,4.933333333333334
Mercury,Montego,2,3054730.5,7854.419999999999,3046876.08,0.9972566808985808,0.1136986301369863,5.5
Ford,Aerostar,9,3053751.3333333335,7729.400000000001,3046021.933333333,0.9972727516576758,0.15707762557077626,4.0
Mazda,929,9,3053027.222222222,8253.373333333333,3044773.848888889,0.9972077753661708,0.13515981735159815,4.555555555555555
Lincoln,MKX,4,3051919.0,8053.5599999999995,3043865.44,0.9973577101316158,0.21164383561643835,2.5
Toyota,Camry Hybrid,6,3051663.6666666665,8102.399999999999,3043561.266666667,0.9972322543866773,0.04657534246575343,4.5
Lamborghini,Diablo,6,3050338.1666666665,8564.36,3041773.8066666666,0.9971108457583191,0.22283105022831048,2.6666666666666665
Mitsubishi,Pajero,14,3046326.0714285714,7467.5485714285705,3038858.522857143,0.9972775557525299,0.1213307240704501,3.5714285714285716
Smart,Fortwo,1,3045059.0,9102.84,3035956.16,0.9970106194986699,0.0,4.0
Volvo,940,1,3043789.0,8373.119999999999,3035415.88,0.9972491128655764,0.0,5.0
Audi,riolet,6,3043328.8333333335,7925.079999999999,3035403.7533333334,0.9972593323635265,0.10091324200913243,4.666666666666667
Dodge,Ram 3500,13,3041601.3076923075,8323.772307692307,3033277.5353846154,0.9971107480475216,0.11106427818756585,5.615384615384615
Buick,LaCrosse,7,3040299.0,7983.5142857142855,3032315.4857142856,0.9972338744893803,0.07084148727984343,4.285714285714286
Volkswagen,Touareg 2,3,3038834.6666666665,7565.88,3031268.7866666666,0.9974541364598825,0.17899543378995433,2.6666666666666665
Austin,Mini,1,3038732.0,8950.8,3029781.2,0.9970544292816873,0.22465753424657534,1.0
Porsche,Cayenne,6,3036754.3333333335,7835.36,3028918.973333333,0.9972979423220839,0.2319634703196347,3.1666666666666665
Volkswagen,Eurovan,9,3036986.888888889,8326.653333333334,3028660.2355555557,0.9970255029035459,0.1345509893455099,4.111111111111111
Volkswagen,Tiguan,5,3035410.6,8282.712,3027127.8880000003,0.9971518007673318,0.20876712328767125,5.4
Chevrolet,S10 Blazer,2,3036085.0,9447.72,3026637.2800000003,0.9968687179227462,0.13150684931506848,4.0
Hyundai,Scoupe,6,3034419.6666666665,8434.88,3025984.7866666666,0.9970300657776175,0.051598173515981734,5.166666666666667
Mercedes-Benz,CLK-Class,9,3033263.6666666665,8337.400000000001,3024926.2666666666,0.9969715952712624,0.19726027397260273,4.333333333333333
Nissan,200SX,2,3031308.0,6910.200000000001,3024397.8,0.9975561803266351,0.10136986301369863,5.0
Mazda,MPV,8,3031441.625,8315.58,3023126.045,0.9970302702760073,0.16095890410958905,4.25
Toyota,Previa,2,3029876.0,7999.68,3021876.3200000003,0.997386411828085,0.1232876712328767,2.0
Mercedes-Benz,SL-Class,13,3029126.4615384615,8579.76923076923,3020546.6923076925,0.9969931456937832,0.2828240252897787,4.538461538461538
BMW,8 Series,6,3029072.8333333335,8701.220000000001,3020371.6133333333,0.9970780194175171,0.18310502283105023,4.166666666666667
Rolls-Royce,Ghost,2,3026674.5,6989.280000000001,3019685.2199999997,0.9976480071324235,0.3027397260273973,6.0
Mazda,Mazda5,1,3028789.0,9642.720000000001,3019146.28,0.9968163117338316,0.2821917808219178,2.0
Buick,Coachbuilder,2,3026356.5,8214.419999999998,3018142.08,0.9972890291706806,0.13561643835616438,4.5
Ford,F-Series,18,3025190.0,8189.506666666666,3017000.4933333336,0.9971437812095078,0.18812785388127853,4.333333333333333
Chevrolet,Silverado 2500,6,3025557.5,9087.320000000002,3016470.1799999997,0.9969342940825915,0.15707762557077623,4.333333333333333
Dodge,Ram Van 2500,6,3024970.5,8972.22,3015998.28,0.9969933888569855,0.13424657534246576,3.8333333333333335
Dodge,Ram 3500 Club,3,3022498.0,6598.28,3015899.72,0.9977260711546422,0.17077625570776256,1.6666666666666667
Audi,S8,3,3025233.3333333335,9394.039999999999,3015839.293333333,0.9968672050508839,0.22465753424657534,2.3333333333333335
Volvo,V50,4,3023689.25,8205.81,3015483.44,0.9972648974125934,0.14178082191780822,3.0
Volkswagen,Cabriolet,17,3022327.294117647,8238.402352941177,3014088.8917647055,0.9971344063165195,0.20499597099113617,4.0
Chevrolet,Suburban 2500,8,3022250.0,8573.805,3013676.1950000003,0.9970983288678222,0.18493150684931506,3.125
Maybach,57S,1,3022421.0,9041.400000000001,3013379.6,0.9970085570474795,0.0,7.0
Pontiac,Montana,2,3020386.5,7581.660000000001,3012804.84,0.9974176937498602,0.11506849315068493,4.5
Oldsmobile,Cutlass,1,3022859.0,10266.0,3012593.0,0.9966038773227597,0.29315068493150687,3.0
Mitsubishi,Raider,2,3019536.5,7678.98,3011857.52,0.9974398706553325,0.26986301369863014,2.0
Nissan,Datsun/Nissan Z-car,2,3018178.5,7773.48,3010405.02,0.9969734534252752,0.11095890410958904,6.5
Pontiac,GTO,9,3019259.888888889,9101.413333333334,3010158.475555556,0.9966671900358192,0.1436834094368341,4.555555555555555
Nissan,GT-R,6,3017064.1666666665,8176.0,3008888.1666666665,0.99727075395786,0.11598173515981736,2.6666666666666665
MINI,Countryman,1,3015951.0,7088.879999999999,3008862.12,0.9976495374095933,0.34794520547945207,5.0
Dodge,Neon,8,3014781.625,7643.625,3007138.0,0.9973244124728764,0.1469178082191781,3.5
Cadillac,Escalade EXT,8,3015100.125,8016.18,3007083.945,0.9971889008032754,0.13835616438356163,3.875
Subaru,Legacy,13,3015437.6923076925,8548.31076923077,3006889.3815384614,0.9971236967082004,0.17681770284510012,4.3076923076923075
Jaguar,XK,4,3014747.75,7961.73,3006786.02,0.9972101644300628,0.07397260273972603,3.0
GMC,1500,3,3013711.3333333335,8057.079999999999,3005654.2533333334,0.997189799841487,0.12420091324200914,4.0
Chevrolet,Monza,2,3013835.5,8981.76,3004853.74,0.996944746666879,0.0,3.0
GMC,Sonoma,5,3012196.6,7403.136,3004793.464,0.997315059208274,0.2602739726027397,4.0
Isuzu,VehiCROSS,4,3013545.25,8778.39,3004766.8600000003,0.9965847205415572,0.17191780821917807,4.75
Dodge,Nitro,1,3011373.0,7905.599999999999,3003467.4,0.9973747523139777,0.0,2.0
Saab,9-7X,4,3009426.25,6781.379999999999,3002644.87,0.9976943379246468,0.21164383561643835,3.25
Geo,Tracker,2,3011303.0,9583.68,3001719.32,0.9967554693818934,0.27123287671232876,5.5
Chrysler,Cirrus,3,3008931.0,7527.2,3001403.8000000003,0.9973259879588667,0.0821917808219178,5.333333333333333
MINI,Cooper Clubman,4,3008154.75,9250.32,2998904.43,0.9967866084319226,0.2171232876712329,3.25
BMW,7 Series,14,3006309.9285714286,8210.502857142857,2998099.4257142856,0.9971533858057379,0.1908023483365949,4.142857142857143
Mercury,Capri,4,3003560.75,8268.72,2995292.0300000003,0.9972087676433223,0.1184931506849315,3.25
Ford,Explorer Sport,1,3001997.0,7758.839999999999,2994238.16,0.9974154404551371,0.21095890410958903,5.0
Oldsmobile,Cutlass Supreme,4,3002398.5,9034.08,2993364.42,0.9967982799215326,0.1541095890410959,1.75
Mazda,Navajo,3,2998842.6666666665,8178.799999999999,2990663.8666666667,0.9966558502864885,0.0,2.3333333333333335
Chevrolet,Monte Carlo,8,2996948.0,7703.145,2989244.855,0.9972617168897755,0.08047945205479452,3.75
Mercury,Sable,19,2997092.8421052634,7855.882105263158,2989236.96,0.99718735215147,0.13093006488824802,3.3157894736842106
BMW,6 Series,4,2997122.25,8160.33,2988961.92,0.9972884692692464,0.07260273972602739,3.25
Ford,LTD Crown Victoria,8,2994062.125,8349.39,2985712.735,0.9968169486766079,0.2113013698630137,3.5
Dodge,Ram Wagon B350,3,2992336.3333333335,7490.44,2984845.893333333,0.9973403487601549,0.2557077625570776,6.666666666666667
Oldsmobile,Cutlass Cruiser,2,2990647.0,8061.359999999999,2982585.6399999997,0.9971442687348704,0.3273972602739726,4.0
GMC,Sierra 1500,6,2989742.1666666665,7451.12,2982291.046666667,0.9972338771949262,0.12009132420091324,2.5
Dodge,Charger,7,2990100.714285714,8617.371428571427,2981483.3428571424,0.9968072429469473,0.1980430528375734,4.714285714285714
Acura,CL,2,2988879.5,8337.060000000001,2980542.44,0.9971928915963819,0.0958904109589041,2.0
Chrysler,New Yorker,3,2985080.3333333335,8688.24,2976392.0933333333,0.9966770689867749,0.24383561643835616,4.333333333333333
McLaren,MP4-12C,2,2982345.5,8135.459999999999,2974210.04,0.9972712116044633,0.0,4.0
Mitsubishi,Cordia,4,2982354.75,8375.16,2973979.59,0.9971639366983192,0.04246575342465753,4.25
Ford,Escort,9,2980818.6666666665,8358.893333333333,2972459.7733333334,0.9967786315871011,0.20182648401826483,3.7777777777777777
Cadillac,CTS,9,2975913.888888889,7677.240000000001,2968236.648888889,0.9973673872952715,0.20304414003044138,4.222222222222222
Buick,Skyhawk,2,2977038.5,9245.52,2967792.98,0.9966666657173062,0.226027397260274,3.5
Suzuki,SJ,10,2974240.4,8751.972,2965488.4280000003,0.9969838135259768,0.1632876712328767,3.6
Chevrolet,Express 3500,20,2972574.2,8821.698,2963752.502,0.996823650955678,0.16999999999999998,4.4
Saturn,S-Series,5,2970011.6,8418.0,2961593.6,0.9969949040964803,0.1167123287671233,1.6
Volkswagen,Golf III,2,2968679.0,7778.639999999999,2960900.3600000003,0.9972856731181017,0.11917808219178082,5.0
Ford,E250,7,2968500.0,7688.674285714286,2960811.325714286,0.9973760161030426,0.2164383561643836,3.142857142857143
Maybach,Landaulet,2,2967619.0,8168.82,2959450.18,0.9970362372910493,0.13150684931506848,5.5
Mercedes-Benz,Sprinter,1,2968011.0,9299.64,2958711.36,0.9968667097258063,0.27945205479452057,3.0
Pontiac,Grand Prix,23,2964016.7391304346,8009.342608695652,2956007.396521739,0.9970243935047106,0.15890410958904108,4.3478260869565215
Hummer,H1,10,2964976.6,9140.316,2955836.284,0.9968103613693555,0.13123287671232875,5.0
Oldsmobile,Custom Cruiser,1,2964126.0,8426.28,2955699.72,0.9971572463518757,0.0,5.0
Chrysler,PT Cruiser,5,2962428.8,7308.216,2955120.584,0.9972880777307799,0.09424657534246575,5.8
Dodge,Avenger,4,2963107.25,8042.1,2955065.15,0.9972191390737581,0.1095890410958904,4.5
Lexus,LS,16,2961407.125,8146.485000000001,2953260.64,0.9971079989026255,0.12962328767123288,3.25
Ford,E-Series,11,2960770.3636363638,8675.967272727272,2952094.3963636365,0.9969164976670849,0.14595267745952678,3.6363636363636362
Dodge,Ram Van 1500,6,2960234.5,8277.62,2951956.8800000004,0.9970281561306477,0.12054794520547944,3.1666666666666665
Volkswagen,Fox,2,2959697.0,8668.38,2951028.62,0.9970680964019465,0.13424657534246576,4.5
Mitsubishi,Truck,10,2956962.2,7809.0960000000005,2949153.104,0.9971870738932649,0.14657534246575343,3.7
Toyota,Xtra,3,2955731.6666666665,7319.160000000001,2948412.5066666664,0.9973809965456272,0.0,5.333333333333333
Morgan,Aero 8,2,2951648.0,9799.920000000002,2941848.08,0.9962651373096452,0.1589041095890411,3.5
Honda,Pilot,8,2949579.875,8387.055,2941192.82,0.9967151157837297,0.22123287671232877,3.75
GMC,Savana 1500,12,2948516.0,7850.71,2940665.2899999996,0.9972194867818155,0.11598173515981736,4.333333333333333
Mitsubishi,Challenger,5,2947865.6,8885.544,2938980.056,0.9967922137978874,0.18684931506849317,4.6
Aston Martin,Rapide,6,2947211.8333333335,8403.86,2938807.973333333,0.9969239935428483,0.23881278538812786,2.5
Ford,Probe,5,2946585.8,7937.495999999999,2938648.304,0.9973071331094108,0.11671232876712327,3.8
Mitsubishi,Mighty Max,2,2944789.5,7921.44,2936868.06,0.9973022471464585,0.0,6.0
Hyundai,Veloster,2,2945874.0,9281.46,2936592.54,0.9968614104888297,0.2232876712328767,2.5
Nissan,Sentra,9,2944088.4444444445,8527.506666666666,2935560.937777778,0.9969356364056172,0.15190258751902588,3.0
Mitsubishi,RVR,1,2944467.0,9130.2,2935336.8,0.9968992011117801,0.0,6.0
Chevrolet,Tahoe,8,2940697.5,7561.965,2933135.535,0.9973781474229381,0.113013698630137,4.0
Toyota,MR2,8,2941049.625,8585.385,2932464.2399999998,0.9968415569726885,0.13356164383561644,3.25
Mazda,626,8,2940304.5,8126.55,2932177.95,0.9970756016857121,0.1421232876712329,4.5
Infiniti,Q,6,2939845.5,8847.66,2930997.84,0.996942679511213,0.1410958904109589,5.166666666666667
Lamborghini,Countach,8,2937082.5,7521.315,2929561.185,0.9973343357777228,0.1684931506849315,4.125
Buick,Somerset,3,2938304.3333333335,9284.8,2929019.533333333,0.9966917791850897,0.0,6.0
Dodge,Ram Van 3500,8,2936433.75,8809.35,2927624.4,0.9968601711502538,0.14452054794520547,3.125
Buick,LeSabre,7,2934626.5714285714,8516.142857142857,2926110.4285714286,0.9970154327057236,0.14285714285714285,3.2857142857142856
Ford,Laser,3,2934460.6666666665,8591.32,2925869.346666666,0.9970518172155646,0.18812785388127853,2.0
Maserati,Quattroporte,15,2933601.7333333334,8182.784000000001,2925418.9493333334,0.9970915437646,0.17059360730593606,3.533333333333333
Dodge,Spirit,4,2929157.25,7029.09,2922128.16,0.9972560107499628,0.08493150684931507,5.25
Saturn,Astra,3,2927293.0,8597.199999999999,2918695.8000000003,0.997027449938957,0.1278538812785388,5.666666666666667
Lotus,Esprit,13,2926935.153846154,8318.695384615385,2918616.4584615384,0.9971032570721647,0.18440463645943098,4.538461538461538
Chrysler,Town & Country,13,2926843.769230769,8309.215384615385,2918534.553846154,0.9970439674916777,0.1582718651211802,3.0
Dodge,Viper,17,2925660.7647058824,8016.649411764706,2917644.1152941175,0.9971425417234583,0.20580177276390008,4.411764705882353
Ford,F350,13,2922718.846153846,8059.329230769231,2914659.516923077,0.9970388004499067,0.18082191780821916,3.076923076923077
Chevrolet,TrailBlazer,9,2919170.6666666665,9189.573333333334,2909981.0933333333,0.9967236365123193,0.14337899543378996,5.0
Chevrolet,3500,4,2914606.75,7647.15,2906959.6,0.997328022582942,0.11575342465753424,4.25
Bentley,Mulsanne,2,2916333.5,9516.54,2906816.96,0.9967325184092823,0.13561643835616438,4.0
Ford,Thunderbird,9,2913791.777777778,7576.813333333333,2906214.9644444445,0.9972306441857484,0.06453576864535769,4.333333333333333
Oldsmobile,Intrigue,3,2913405.3333333335,8072.920000000001,2905332.4133333336,0.9972024490928627,0.08310502283105023,4.0
Toyota,Tacoma Xtra,6,2911461.1666666665,8174.0,2903287.1666666665,0.9971704376039158,0.1995433789954338,4.0
Scion,iQ,2,2909969.0,8744.16,2901224.84,0.996698795553951,0.31095890410958904,3.0
Land Rover,Discovery Series II,3,2908719.3333333335,8405.8,2900313.533333333,0.9969658144191528,0.07579908675799087,1.6666666666666667
Infiniti,M,7,2906594.714285714,8757.48,2897837.2342857146,0.9963068006436181,0.08727984344422701,4.571428571428571
BMW,330,3,2905878.6666666665,8430.0,2897448.6666666665,0.9969978311091744,0.0,6.333333333333333
Chrysler,LHS,6,2906013.1666666665,8597.74,2897415.4266666663,0.9968779819821078,0.15296803652968036,3.5
Chevrolet,Equinox,4,2905941.75,8632.02,2897309.73,0.9970148642468902,0.19452054794520546,3.75
Hyundai,Accent,11,2904777.3636363638,8561.432727272726,2896215.9309090907,0.9966908191065518,0.2423412204234122,4.636363636363637
Honda,Passport,6,2905240.1666666665,9042.72,2896197.446666667,0.9965648066171009,0.19315068493150686,4.333333333333333
Volkswagen,Scirocco,7,2904408.714285714,8276.845714285713,2896131.868571428,0.9970362148149341,0.13111545988258316,5.571428571428571
Jeep,Grand Cherokee,13,2902871.846153846,8200.726153846153,2894671.12,0.997004286291332,0.13382507903055849,4.384615384615385
Land Rover,Range Rover,8,2902594.75,8401.32,2894193.43,0.9968864263608168,0.15924657534246575,4.125
Land Rover,Defender,4,2901839.5,7800.69,2894038.81,0.9971314234192056,0.12876712328767123,4.5
BMW,600,1,2899393.0,8206.92,2891186.08,0.9971694351196958,0.18082191780821918,5.0
Chevrolet,1500,5,2899617.0,8437.655999999999,2891179.3439999996,0.9969338506737936,0.050958904109589045,4.6
Toyota,Highlander,6,2899408.3333333335,8383.6,2891024.733333333,0.9970268843413392,0.08949771689497717,4.833333333333333
Pontiac,Firefly,4,2897999.5,8044.65,2889954.85,0.997211115100896,0.313013698630137,4.25
Saab,2018-09-03 00:00:00,8,2896427.25,8700.375,2887726.875,0.9969336934305234,0.2599315068493151,3.25
Oldsmobile,Bravada,8,2896029.75,8480.25,2887549.5,0.9969430744852588,0.1726027397260274,3.375
Toyota,Yaris,6,2894455.3333333335,7529.099999999999,2886926.233333333,0.997270913987509,0.19771689497716896,5.666666666666667
Porsche,Boxster,8,2894824.625,8762.189999999999,2886062.435,0.9969050478338125,0.023972602739726026,3.0
Toyota,Camry,11,2893639.6363636362,8393.192727272726,2885246.4436363634,0.9967746627097455,0.12278953922789539,4.2727272727272725
Bentley,Arnage,3,2894237.3333333335,9138.72,2885098.6133333333,0.9966522473447083,0.1863013698630137,4.0
Pontiac,Trans Sport,7,2893234.714285714,8319.874285714284,2884914.84,0.9969924507915147,0.12915851272015658,4.142857142857143
Toyota,Avalon,6,2892320.1666666665,8266.34,2884053.8266666667,0.9970858333553668,0.1406392694063927,3.5
Suzuki,Samurai,1,2891309.0,7701.839999999999,2883607.16,0.997336210000384,0.0,1.0
Buick,Park Avenue,6,2891350.5,7769.72,2883580.78,0.9969169085499813,0.1447488584474886,3.0
Ferrari,F430,3,2892427.6666666665,9309.039999999999,2883118.6266666665,0.9967142754194014,0.1141552511415525,4.333333333333333
Chevrolet,G-Series 2500,5,2891063.6,7993.56,2883070.04,0.9968940922585251,0.12,3.6
BMW,M6,5,2891197.0,8798.088,2882398.9119999995,0.996803358443573,0.10465753424657534,4.6
GMC,3500,6,2889815.0,7955.599999999999,2881859.4,0.9970101758497724,0.09086757990867579,3.1666666666666665
Toyota,Land Cruiser,10,2889281.7,8821.967999999999,2880459.732,0.996790404227202,0.21698630136986302,2.3
Buick,Enclave,2,2884971.0,8494.68,2876476.32,0.997062020234522,0.18904109589041096,6.0
Toyota,Tacoma,7,2882016.0,8161.645714285713,2873854.354285714,0.9969717852738457,0.09823874755381604,4.0
Honda,Odyssey,8,2878874.75,8305.785,2870568.965,0.9970545489763322,0.12089041095890411,3.625
Volvo,S80,9,2875018.111111111,7898.093333333333,2867120.0177777777,0.996852437429061,0.15159817351598173,3.6666666666666665
Suzuki,Sidekick,7,2874354.0,7454.331428571428,2866899.6685714284,0.9973580265357892,0.20587084148727985,5.285714285714286
Saab,2018-09-05 00:00:00,4,2872451.5,8655.57,2863795.93,0.9969531948333905,0.3061643835616438,3.25
Saab,9-2X,3,2871198.0,9169.28,2862028.72,0.9966755181333955,0.30319634703196346,3.0
Mercury,Topaz,7,2869670.5714285714,8059.645714285713,2861610.9257142856,0.9971306441362653,0.04422700587084149,2.2857142857142856
Oldsmobile,Alero,2,2868761.5,8418.24,2860343.26,0.997054061935803,0.14657534246575343,1.5
Mercury,Grand Marquis,23,2868013.652173913,8451.19304347826,2859562.459130435,0.9967214611638545,0.20559857057772482,4.521739130434782
BMW,3 Series,18,2867329.388888889,8468.646666666666,2858860.742222222,0.9968732879700011,0.17336377473363773,3.0
Volvo,XC60,2,2867108.0,8891.939999999999,2858216.06,0.9969079518101378,0.22054794520547946,4.0
Dodge,Ram 1500,11,2866547.3636363638,8559.523636363636,2857987.84,0.9966508701647965,0.1601494396014944,4.636363636363637
GMC,Vandura G3500,2,2865228.0,8984.52,2856243.48,0.9968452314840952,0.1095890410958904,3.0
Mazda,Mazda3,4,2864264.25,8351.79,2855912.46,0.9970772315914461,0.09452054794520548,5.0
Toyota,Corolla,12,2862809.5,7533.31,2855276.19,0.9972531574567803,0.10799086757990867,3.5833333333333335
Ford,Explorer Sport Trac,7,2861874.4285714286,8085.411428571429,2853789.0171428574,0.9970734773377997,0.12446183953033267,4.571428571428571
Dodge,Ram Wagon B150,1,2862636.0,9439.8,2853196.2,0.9967024099466366,0.2958904109589041,5.0
Volkswagen,Rabbit,2,2861542.5,8673.36,2852869.1399999997,0.9964200836054085,0.14794520547945206,2.0
Cadillac,STS-V,5,2858992.0,7222.728,2851769.272,0.9974353852299552,0.16054794520547946,3.6
Toyota,Tercel,3,2860629.6666666665,8873.679999999998,2851755.986666667,0.9968812564178843,0.09771689497716896,6.0
Ford,Econoline E350,1,2861783.0,10110.119999999999,2851672.88,0.9964671954512274,0.21095890410958903,3.0
Suzuki,XL-7,3,2855297.3333333335,6880.32,2848417.013333333,0.9974275370705371,0.0,6.0
BMW,530,4,2853860.0,8449.59,2845410.41,0.9968700483360857,0.1821917808219178,3.0
Dodge,Colt,1,2854520.0,9179.28,2845340.72,0.9967842999873885,0.36712328767123287,5.0
Aston Martin,Virage,2,2849132.0,6293.58,2842838.42,0.9977416095665712,0.1273972602739726,6.5
Chrysler,Sebring,8,2848212.375,7653.225,2840559.15,0.9971145834287186,0.21438356164383562,3.125
Subaru,Forester,10,2848029.7,7748.82,2840280.88,0.9971657829942032,0.23095890410958905,4.3
Audi,Cabriolet,3,2846773.3333333335,7693.080000000001,2839080.2533333334,0.9973076798032084,0.2867579908675799,2.0
Audi,100,3,2846511.0,8260.28,2838250.72,0.9967604483755094,0.20639269406392693,3.0
Mercedes-Benz,SLK-Class,8,2845025.875,8271.705,2836754.17,0.9970159171183082,0.08664383561643836,2.875
Eagle,Summit,4,2844286.75,8270.31,2836016.44,0.9970451740059119,0.10821917808219178,4.5
Mazda,323,2,2843770.5,8161.86,2835608.6399999997,0.9971365254449522,0.17123287671232876,4.5
Saturn,Aura,3,2839178.3333333335,7600.0,2831578.3333333335,0.997115948205396,0.08767123287671232,5.0
Mercedes-Benz,CL-Class,11,2837214.4545454546,7955.498181818181,2829258.9563636365,0.9968483464291361,0.18156911581569116,5.454545454545454
Infiniti,I,3,2835558.3333333335,8371.2,2827187.1333333333,0.9970587348625415,0.09771689497716896,2.6666666666666665
GMC,Vandura G1500,1,2832528.0,6177.6,2826350.4,0.9978190506854654,0.0,7.0
Ford,Ranger,23,2830751.5217391304,8298.109565217392,2822453.4121739133,0.9968399009262321,0.14318046456223943,3.739130434782609
Cadillac,XLR-V,1,2827799.0,6934.68,2820864.32,0.9975476757718635,0.0,5.0
Chevrolet,S10,12,2828871.6666666665,8103.259999999999,2820768.4066666667,0.996889608858604,0.20342465753424657,3.75
Jeep,Patriot,7,2828116.8571428573,8547.565714285714,2819569.291428571,0.9968756536386173,0.0821917808219178,3.5714285714285716
Eagle,Vision,7,2828014.5714285714,8701.268571428573,2819313.302857143,0.9967184055064731,0.22896281800391388,3.0
Chevrolet,Express,3,2827597.3333333335,8384.720000000001,2819212.6133333333,0.9969318838525519,0.10319634703196347,5.666666666666667
Buick,Rendezvous,4,2826829.75,7684.139999999999,2819145.61,0.9972451833863089,0.17397260273972603,3.25
Infiniti,G,5,2824355.2,7252.415999999999,2817102.784,0.9971956456516227,0.06465753424657535,3.8
Lincoln,Town Car,21,2824883.095238095,7812.862857142857,2817070.2323809527,0.9970643065614004,0.1258969341161122,4.571428571428571
Subaru,Outback,6,2823460.0,8602.42,2814857.58,0.9968332273382453,0.20639269406392693,2.3333333333333335
Volvo,XC70,2,2823246.5,8856.119999999999,2814390.38,0.9966404536507407,0.0,5.0
Ford,Edge,5,2823031.8,8964.432,2814067.368,0.996587161686724,0.16712328767123288,4.4
BMW,650,3,2822543.0,8481.24,2814061.76,0.996874610919605,0.16164383561643836,2.6666666666666665
Lexus,IS,5,2819644.6,7662.888000000001,2811981.712,0.9972605747741626,0.0,5.2
Volvo,V40,2,2819882.0,8703.54,2811178.46,0.9964872175556723,0.0,3.5
Oldsmobile,Aurora,4,2819400.5,8338.619999999999,2811061.88,0.9967709902016444,0.15136986301369865,3.5
Chevrolet,G-Series G20,4,2820089.5,9354.93,2810734.57,0.9966680536380684,0.1315068493150685,3.75
Dodge,Ram 1500 Club,5,2817453.4,7737.431999999999,2809715.968,0.9971719229099385,0.13534246575342465,4.2
GMC,Yukon XL 1500,6,2817553.8333333335,8076.8,2809477.033333333,0.9970061402042116,0.2392694063926941,4.5
Lexus,ES,13,2817885.3846153845,8531.39076923077,2809353.993846154,0.9965295704291154,0.09631190727081139,4.0
Suzuki,Vitara,5,2816463.2,8280.288,2808182.912,0.9968798644219168,0.2213698630136986,4.4
Mitsubishi,Excel,2,2815409.5,7509.06,2807900.44,0.9971836765953268,0.3671232876712329,4.0
Ford,F-Series Super Duty,3,2813694.3333333335,8416.28,2805278.053333333,0.9967075241579582,0.29771689497716897,5.0
Dodge,Ram 2500 Club,4,2811232.25,8465.369999999999,2802766.88,0.996951530401866,0.07328767123287672,4.25
Volkswagen,riolet,4,2810143.25,8659.08,2801484.17,0.9967356810113703,0.07397260273972603,5.0
Dodge,Ram 2500,4,2809618.25,9666.66,2799951.59,0.9965099928861899,0.0547945205479452,3.75
Citro√´n,CX,2,2807168.5,7351.799999999999,2799816.7,0.9970406402389964,0.14520547945205478,4.0
Dodge,Grand Caravan,17,2807908.1764705884,8274.825882352941,2799633.3505882355,0.9968377825860057,0.13408541498791296,3.764705882352941
Pontiac,Sunbird,11,2807817.3636363638,8706.894545454545,2799110.469090909,0.9967921324318968,0.061519302615193026,4.545454545454546
Cadillac,Sixty Special,2,2806813.5,8098.920000000001,2798714.58,0.9970731593408777,0.10821917808219178,3.0
Mercedes-Benz,M-Class,8,2805534.5,8238.87,2797295.63,0.9968831847729869,0.12294520547945206,3.875
Volkswagen,Golf,14,2805564.5714285714,8463.154285714287,2797101.417142857,0.9967666650558832,0.09686888454011743,3.5714285714285716
Volkswagen,New Beetle,8,2804658.375,7940.3099999999995,2796718.065,0.9970267320644287,0.14828767123287673,5.0
Mercury,Villager,5,2803312.8,7548.767999999999,2795764.032,0.9971847932493576,0.1452054794520548,3.6
Studebaker,Avanti,4,2803655.25,7909.05,2795746.2,0.9971439016694064,0.08287671232876713,3.5
Ford,Expedition,9,2803928.4444444445,8803.706666666667,2795124.737777778,0.9966201633697624,0.10350076103500762,4.0
Kia,Sedona,9,2802434.6666666665,8962.693333333333,2793471.973333333,0.996413228026163,0.14063926940639268,2.888888888888889
Mitsubishi,Tredia,2,2801939.0,9790.74,2792148.26,0.9964539128455738,0.0,2.5
Volvo,S60,9,2800170.222222222,8284.546666666667,2791885.675555555,0.9970182973923796,0.16103500761035006,4.111111111111111
Chevrolet,2500,6,2798212.0,7229.68,2790982.32,0.9972818718152404,0.1598173515981735,4.333333333333333
Ford,Club Wagon,3,2798500.6666666665,7539.0,2790961.6666666665,0.9973139406280803,0.06484018264840183,5.666666666666667
Nissan,NV3500,1,2796988.0,7409.16,2789578.84,0.9973510218849705,0.4191780821917808,5.0
Dodge,Dakota,10,2797148.3,8620.776,2788527.5239999997,0.9965714184484582,0.025753424657534246,4.2
Mitsubishi,Outlander Sport,2,2796029.0,8806.32,2787222.68,0.9967946003464949,0.18493150684931506,5.0
GMC,Rally Wagon G2500,1,2793716.0,7635.719999999999,2786080.28,0.997266823113015,0.3835616438356164,1.0
Buick,Century,13,2793184.153846154,7896.378461538461,2785287.775384615,0.9968499381332651,0.07755532139093783,3.8461538461538463
GMC,Envoy XL,4,2793193.0,8477.76,2784715.2399999998,0.9965736699241374,0.08904109589041095,6.25
Cadillac,Catera,2,2792913.0,9083.039999999999,2783829.96,0.9966698022839983,0.0,4.0
Maserati,Biturbo,2,2790049.0,7625.34,2782423.66,0.9972482096819676,0.12191780821917808,3.5
Pontiac,Tempest,5,2789708.2,8273.856,2781434.3439999996,0.9968135530776256,0.2520547945205479,4.8
Dodge,Stealth,1,2789527.0,10118.28,2779408.72,0.9963727614036358,0.0,6.0
Lotus,Exige,7,2786853.8571428573,8159.777142857142,2778694.0799999996,0.9970308871096452,0.17455968688845402,3.0
Kia,Optima,6,2785015.8333333335,8284.56,2776731.273333333,0.9967964561094026,0.2009132420091324,4.166666666666667
BMW,545,1,2781885.0,6981.720000000001,2774903.28,0.9974902916547592,0.0,7.0
Land Rover,Range Rover Classic,1,2780837.0,6720.24,2774116.76,0.9975833750773597,0.0,2.0
Jaguar,S-Type,4,2781689.0,8538.03,2773150.9699999997,0.9967398301325207,0.21643835616438356,4.25
Nissan,300ZX,2,2779304.5,8765.4,2770539.1,0.9965484322930762,0.28904109589041094,3.5
Mercedes-Benz,G-Class,6,2778775.3333333335,8518.38,2770256.9533333336,0.9965085901232035,0.2593607305936073,4.166666666666667
Toyota,Sequoia,7,2777874.4285714286,8233.8,2769640.6285714284,0.9967813414131387,0.08062622309197652,2.142857142857143
Mazda,Miata MX-5,6,2778034.1666666665,8400.78,2769633.3866666667,0.9967913661015263,0.049771689497716896,4.166666666666667
Honda,Civic,18,2777736.4444444445,8193.2,2769543.2444444443,0.9966677369838636,0.14961948249619483,3.8333333333333335
BMW,525,3,2776186.3333333335,7365.559999999999,2768820.7733333334,0.997280472755197,0.08493150684931507,3.0
Chevrolet,Express 2500,13,2775653.846153846,7856.409230769232,2767797.436923077,0.9969895450325791,0.15806111696522657,5.6923076923076925
Chevrolet,Sportvan G20,4,2775819.75,8618.009999999998,2767201.74,0.9967628533706681,0.13013698630136986,5.5
Mercedes-Benz,C-Class,13,2774879.230769231,8379.84,2766499.3907692307,0.9967495505784039,0.13024236037934667,3.6153846153846154
Cadillac,STS,3,2774107.0,8541.0,2765566.0,0.996665198277784,0.20639269406392693,6.0
Jensen,Interceptor,3,2773649.3333333335,9220.199999999999,2764429.1333333333,0.9963682300468802,0.06940639269406393,5.666666666666667
Toyota,Supra,4,2770402.75,8764.98,2761637.77,0.9966596537037108,0.2226027397260274,4.5
Ford,Bronco II,9,2765111.111111111,7493.053333333333,2757618.057777778,0.9971284891825641,0.11141552511415526,4.333333333333333
Chevrolet,Lumina,5,2765089.6,7500.816000000001,2757588.784,0.9972490141237117,0.1610958904109589,5.6
MINI,Cooper,3,2765163.6666666665,8509.76,2756653.9066666667,0.996866427517057,0.20182648401826483,4.666666666666667
Land Rover,LR4,4,2763624.75,8537.49,2755087.26,0.9967178602796704,0.06095890410958904,5.0
Chevrolet,Express 1500,10,2763792.7,8824.583999999999,2754968.116,0.996641225690276,0.12273972602739727,4.4
Buick,Skylark,6,2762943.5,8428.0,2754515.5,0.9968664406676847,0.1502283105022831,3.8333333333333335
Mitsubishi,Galant,18,2761372.722222222,8734.24,2752638.4822222223,0.9967122836914155,0.16986301369863013,4.333333333333333
Toyota,Paseo,1,2759513.0,7188.839999999999,2752324.16,0.9973948881559899,0.26301369863013696,6.0
Scion,xB,6,2759913.8333333335,8018.860000000001,2751894.973333333,0.996983284750894,0.2045662100456621,4.166666666666667
Acura,RL,8,2759520.75,7684.35,2751836.4000000004,0.9968750343197589,0.06643835616438357,3.125
Toyota,Sienna,8,2758417.375,8222.835,2750194.54,0.9968585052195231,0.12089041095890411,4.875
GMC,Vandura 2500,1,2756429.0,6798.959999999999,2749630.04,0.9975334173309017,0.3561643835616438,3.0
Chrysler,Crossfire,3,2755411.0,9398.24,2746012.76,0.9965084302047309,0.0,5.333333333333333
Pontiac,Safari,3,2755204.3333333335,9280.24,2745924.0933333333,0.9965281394454145,0.1095890410958904,2.3333333333333335
Bentley,Continental GTC,5,2753886.8,8165.735999999999,2745721.0640000002,0.9968375374234266,0.06904109589041096,3.0
Saab,9000,4,2753653.0,8371.77,2745281.23,0.9967261688406033,0.3047945205479452,5.25
Aston Martin,V8 Vantage S,3,2753488.6666666665,8457.84,2745030.8266666667,0.9964129253172699,0.17077625570776256,5.0
Chevrolet,Silverado 3500,5,2752362.0,7647.048,2744714.952,0.9971781793350054,0.13315068493150686,2.4
Jaguar,XJ,4,2752644.75,8436.0,2744208.75,0.996923563158729,0.16027397260273973,2.75
Infiniti,G25,2,2752539.5,9408.42,2743131.08,0.9965748938698362,0.0,2.5
Pontiac,Torrent,1,2750119.0,7242.0,2742877.0,0.9973666594063748,0.3424657534246575,1.0
Ford,Crown Victoria,10,2749445.4,8386.908,2741058.492,0.9968461332089807,0.23068493150684932,4.5
Honda,Accord,22,2748621.090909091,8017.7072727272725,2740603.3836363633,0.9968578209351757,0.13549190535491906,3.5454545454545454
Oldsmobile,Regency,3,2748773.3333333335,8427.0,2740346.3333333335,0.9966766244288188,0.228310502283105,3.3333333333333335
Audi,S5,6,2748984.5,8939.28,2740045.22,0.9965416895949066,0.0639269406392694,3.5
Suzuki,Grand Vitara,3,2748360.3333333335,8966.4,2739393.9333333336,0.9964083210357533,0.0958904109589041,4.666666666666667
Kia,Amanti,4,2746926.5,8338.98,2738587.52,0.9969314251135644,0.11917808219178083,4.25
Porsche,944,6,2746007.1666666665,7436.639999999999,2738570.526666667,0.9972714696433376,0.17168949771689498,4.333333333333333
Infiniti,EX,6,2745445.1666666665,8428.78,2737016.3866666667,0.9966561559319785,0.08082191780821918,3.8333333333333335
Lincoln,Navigator,6,2744933.5,8266.039999999999,2736667.46,0.9967929219432566,0.13013698630136986,6.166666666666667
Volvo,XC90,4,2743640.0,7056.57,2736583.4299999997,0.9972110942213657,0.18287671232876712,5.25
Porsche,911,10,2745067.9,8517.672,2736550.228,0.9968146231913592,0.16493150684931507,3.7
Plymouth,Colt,2,2743828.5,8509.2,2735319.3,0.9968700227819762,0.11232876712328767,4.5
Cadillac,Escalade ESV,4,2743704.0,9260.04,2734443.96,0.9964657234737554,0.07808219178082192,5.25
Lotus,Esprit Turbo,1,2741956.0,9205.2,2732750.8,0.9966428345312616,0.2,6.0
Geo,Metro,1,2736805.0,6585.0,2730220.0,0.9975939096866602,0.0,4.0
Dodge,Dakota Club,6,2738572.0,8696.52,2729875.48,0.9965798412799609,0.09360730593607307,4.833333333333333
Plymouth,Voyager,8,2737200.625,8227.32,2728973.305,0.9967451096969957,0.14794520547945206,3.125
Mazda,Millenia,2,2737044.0,8734.380000000001,2728309.62,0.9968066730494376,0.25753424657534246,2.5
Cadillac,Brougham,1,2738159.0,10251.48,2727907.52,0.9962560684021636,0.2,6.0
Mercedes-Benz,E-Class,11,2736127.8181818184,8234.89090909091,2727892.9272727272,0.9968145492952568,0.12378580323785802,4.363636363636363
Ford,Explorer,7,2735588.5714285714,8811.034285714286,2726777.537142857,0.9964603817507843,0.21135029354207438,4.571428571428571
Honda,Prelude,5,2732013.6,8619.096000000001,2723394.5039999997,0.9965315368212142,0.11232876712328768,3.2
Subaru,Impreza,15,2729548.066666667,8054.96,2721493.106666667,0.996895643472531,0.06922374429223745,3.533333333333333
GMC,Yukon,12,2728600.3333333335,7979.52,2720620.813333333,0.9968828335764254,0.113013698630137,3.1666666666666665
Volvo,S90,3,2728411.3333333335,8890.08,2719521.2533333334,0.9964757715755681,0.2401826484018265,5.333333333333333
Kia,Sorento,9,2725762.3333333335,8265.599999999999,2717496.7333333334,0.996776239173163,0.1330289193302892,4.111111111111111
Kia,Sportage,4,2725456.75,8052.2699999999995,2717404.48,0.9969496617287001,0.13356164383561642,2.75
Volvo,C70,8,2725159.625,8383.244999999999,2716776.38,0.9968353780149914,0.16335616438356165,3.75
Ford,Taurus,12,2722780.5,8044.8,2714735.6999999997,0.9968520774632652,0.15319634703196347,3.9166666666666665
GMC,Rally Wagon 2500,1,2721109.0,8295.599999999999,2712813.4,0.9969513900398698,0.1643835616438356,5.0
Dodge,Ram Wagon B250,1,2721247.0,8693.759999999998,2712553.24,0.9968052293672718,0.0,4.0
Nissan,Rogue,6,2720421.1666666665,8491.140000000001,2711930.026666667,0.9968158715072711,0.10730593607305937,3.8333333333333335
Hyundai,Genesis Coupe,2,2717760.0,8351.64,2709408.3600000003,0.9969034208248537,0.17671232876712328,5.0
Oldsmobile,Silhouette,5,2717591.4,8318.592,2709272.808,0.9965587765582008,0.1473972602739726,4.4
Maserati,228,1,2716675.0,7605.24,2709069.76,0.997200533740694,0.3315068493150685,1.0
Ford,F-350 Super Duty,1,2713922.0,7427.88,2706494.12,0.9972630458797269,0.0,7.0
Audi,TT,7,2714742.5714285714,8788.028571428573,2705954.542857143,0.9966424298437503,0.2285714285714286,4.142857142857143
Dodge,Omni,1,2712089.0,6929.279999999999,2705159.72,0.9974450395986268,0.0,7.0
Hyundai,Genesis,1,2711384.0,9037.199999999999,2702346.8,0.9966669420487839,0.24383561643835616,7.0
Suzuki,Kizashi,7,2709266.0,8514.257142857143,2700751.742857143,0.996401334014017,0.15264187866927595,5.285714285714286
Pontiac,Grand Am,14,2706859.714285714,8120.682857142857,2698739.0314285713,0.9968890343499046,0.1350293542074364,4.285714285714286
Fiat,Nuova 500,1,2705099.0,8022.24,2697076.76,0.9970344005894053,0.26301369863013696,7.0
GMC,Savana Cargo Van,2,2706936.5,9871.380000000001,2697065.12,0.9963533608047925,0.18493150684931506,4.5
Volkswagen,Passat,12,2704438.25,8201.109999999999,2696237.14,0.9966231875238648,0.11940639269406393,3.8333333333333335
Mazda,CX-9,6,2701499.6666666665,8309.26,2693190.4066666667,0.9967216205332412,0.11826484018264842,4.166666666666667
Cadillac,DeVille,10,2700996.3,7899.048,2693097.252,0.9969565798956961,0.10273972602739727,4.4
Mitsubishi,Endeavor,9,2701600.888888889,8535.986666666668,2693064.9022222217,0.9965813100717847,0.19269406392694066,4.666666666666667
Hyundai,Elantra,11,2701662.727272727,8796.414545454545,2692866.312727273,0.9965729059639826,0.19352428393524287,4.636363636363637
Jeep,Compass,3,2699066.6666666665,8051.240000000001,2691015.4266666668,0.9970127370554441,0.302283105022831,5.666666666666667
Chevrolet,Impala SS,3,2698389.3333333335,9016.960000000001,2689372.3733333335,0.9966076960059539,0.3013698630136986,4.666666666666667
Peugeot,207,1,2697557.0,9053.880000000001,2688503.12,0.9966436742578563,0.0,2.0
Nissan,Altima,15,2696041.8666666667,8278.864,2687763.0026666666,0.9967368817722727,0.1450228310502283,3.933333333333333
Daihatsu,Rocky,1,2693596.0,7782.24,2685813.76,0.997110836220428,0.2191780821917808,4.0
Land Rover,Discovery,9,2693924.4444444445,8240.866666666667,2685683.577777778,0.9968015210687428,0.12267884322678843,4.888888888888889
Mitsubishi,Mirage,9,2692386.5555555555,7664.96,2684721.5955555555,0.9970071874088772,0.25296803652968036,3.7777777777777777
Chevrolet,Colorado,3,2690938.6666666665,8689.12,2682249.546666667,0.996708052801157,0.2730593607305936,4.666666666666667
Ford,Fairlane,3,2689326.3333333335,7322.5199999999995,2682003.813333333,0.9971216697901161,0.17168949771689498,2.6666666666666665
Subaru,Alcyone SVX,3,2689516.0,7963.2,2681552.8000000003,0.9969341800117918,0.0684931506849315,4.0
Mitsubishi,Diamante,7,2686478.1428571427,8253.102857142858,2678225.04,0.996650629576421,0.11076320939334638,3.5714285714285716
Mercedes-Benz,W123,2,2684497.0,7184.280000000001,2677312.7199999997,0.9973204537423614,0.11232876712328767,4.0
Mercedes-Benz,400E,1,2683651.0,7727.040000000001,2675923.96,0.997120698630336,0.0,1.0
Holden,VS Commodore,2,2683637.0,7800.54,2675836.46,0.9969203151404091,0.13287671232876713,5.5
Hyundai,Santa Fe,9,2684073.5555555555,8306.013333333332,2675767.5422222223,0.9967690346537066,0.13607305936073058,4.444444444444445
Acura,TSX,5,2680037.0,7730.088000000001,2672306.912,0.9967366290333786,0.16164383561643839,4.0
Ford,Galaxie,1,2680473.0,8191.439999999999,2672281.56,0.9969440318928786,0.2876712328767123,7.0
Audi,Coupe Quattro,1,2678636.0,7683.839999999999,2670952.16,0.9971314355515271,0.0,3.0
Mitsubishi,Expo LRV,3,2678157.6666666665,8607.519999999999,2669550.146666667,0.9967823943279178,0.18904109589041096,3.3333333333333335
Ford,E350,8,2676439.125,8346.75,2668092.375,0.9967957754113914,0.13972602739726028,3.875
Chrysler,Prowler,1,2675253.0,9160.68,2666092.32,0.9965757705906693,0.0,1.0
Acura,Legend,2,2671949.5,8352.78,2663596.7199999997,0.996548514249627,0.0,3.5
Land Rover,Freelander,4,2671769.25,8846.58,2662922.67,0.9965725175982186,0.21712328767123287,4.0
BMW,Z8,6,2671618.3333333335,8713.72,2662904.6133333333,0.9967222340735359,0.1406392694063927,3.6666666666666665
Pontiac,Aztek,1,2671396.0,10553.16,2660842.84,0.9960495710856795,0.0,1.0
GMC,Savana 2500,11,2666780.1818181816,7907.236363636364,2658872.9454545453,0.9969356821390787,0.13972602739726028,3.272727272727273
Ford,Flex,2,2667763.5,9821.4,2657942.0999999996,0.9963101836176131,0.12054794520547946,4.5
Suzuki,Verona,2,2666911.5,9800.939999999999,2657110.56,0.9957698099692842,0.0,4.5
Audi,A4,8,2663690.875,8231.654999999999,2655459.22,0.9968336706260073,0.0976027397260274,4.625
Ford,Th!nk,1,2661289.0,7332.599999999999,2653956.4,0.9972447186307086,0.0,4.0
Aston Martin,V8 Vantage,6,2660033.6666666665,8027.860000000001,2652005.8066666666,0.9969191652074526,0.08630136986301369,3.6666666666666665
Bentley,Continental Flying Spur,4,2657340.25,8226.69,2649113.56,0.9967167334567857,0.22671232876712327,4.25
BMW,X6 M,2,2653671.5,8719.98,2644951.52,0.9964489190677964,0.0,5.5
Toyota,Tundra,12,2652969.5,8134.66,2644834.84,0.9966466007480684,0.13995433789954337,4.333333333333333
Ferrari,430 Scuderia,3,2652756.0,7937.639999999999,2644818.36,0.9968996142580187,0.24657534246575344,2.3333333333333335
Mazda,B-Series Plus,10,2651609.8,8231.039999999999,2643378.7600000002,0.9966663996757704,0.1591780821917808,4.3
Volvo,960,3,2650118.6666666665,8581.88,2641536.7866666666,0.9966932351361408,0.28127853881278536,4.333333333333333
Hyundai,Tiburon,3,2649376.3333333335,7902.399999999999,2641473.9333333336,0.9970518524168162,0.20365296803652969,1.3333333333333333
Chevrolet,Cobalt,4,2649762.25,9220.619999999999,2640541.63,0.9962313293686955,0.1541095890410959,3.0
Audi,90,3,2648241.3333333335,8648.800000000001,2639592.533333333,0.9960095401363821,0.07031963470319634,4.333333333333333
Ram,1500,1,2646083.0,6592.4400000000005,2639490.56,0.9975086042274562,0.32054794520547947,5.0
Isuzu,Trooper,8,2646287.625,7939.799999999999,2638347.825,0.9969604578008536,0.1113013698630137,3.375
Audi,80,2,2646883.0,8563.26,2638319.74,0.9967552571669045,0.17671232876712328,5.5
Mitsubishi,GTO,8,2645544.375,8053.365,2637491.01,0.9968201323077306,0.1404109589041096,3.625
Aston Martin,V12 Vantage,1,2642821.0,9898.2,2632922.8,0.996254683915407,0.0,7.0
Isuzu,Rodeo,3,2640776.6666666665,8060.639999999999,2632716.026666667,0.9969437643819369,0.08949771689497717,4.666666666666667
BMW,M5,2,2638840.5,6242.16,2632598.34,0.997635351023386,0.1547945205479452,2.0
Maybach,57,3,2640370.0,8030.44,2632339.56,0.9963937908295422,0.17168949771689498,2.6666666666666665
Tesla,Roadster,1,2642190.0,10057.56,2632132.44,0.9961934758666107,0.0,6.0
Lincoln,Aviator,4,2639817.75,7688.85,2632128.9,0.9970441288153532,0.1273972602739726,2.25
BMW,X3,7,2640778.285714286,9373.08,2631405.205714286,0.9963720073844008,0.24970645792563603,2.857142857142857
Chevrolet,Astro,10,2639109.8,7923.144,2631186.656,0.9968615327205109,0.15835616438356165,2.5
Dodge,Magnum,3,2637838.0,7429.759999999999,2630408.24,0.9970463444701952,0.217351598173516,4.0
Jeep,Comanche,1,2638330.0,8429.76,2629900.24,0.9968048879404776,0.0,4.0
Isuzu,Axiom,2,2639578.0,9731.04,2629846.96,0.9962730521023995,0.1780821917808219,5.0
Mercedes-Benz,W201,8,2636948.5,7257.03,2629691.47,0.9971147860002391,0.2054794520547945,2.5
Ford,Expedition EL,2,2638144.5,8542.2,2629602.3,0.9966556724068965,0.0,2.0
Mazda,MX-3,2,2636138.0,7529.4,2628608.5999999996,0.9970767667758664,0.0,3.5
Mazda,CX-7,1,2629388.0,6445.799999999999,2622942.2,0.9975485550249716,0.38082191780821917,6.0
Nissan,Frontier,7,2629983.714285714,7752.634285714286,2622231.0799999996,0.9969115128063751,0.15929549902152643,4.0
Subaru,Justy,5,2629720.2,7829.856,2621890.3439999996,0.9965644964992709,0.04986301369863014,4.2
Mercury,Monterey,2,2628212.0,7898.820000000001,2620313.1799999997,0.9969559193872658,0.1136986301369863,5.5
Lexus,IS F,2,2627631.5,8902.560000000001,2618728.94,0.9965168299522701,0.1506849315068493,5.0
Volvo,C30,4,2627762.25,9078.390000000001,2618683.86,0.9963354656257519,0.16027397260273973,2.25
Ford,Freestyle,1,2626998.0,9387.0,2617611.0,0.9964267197767185,0.0,2.0
Chrysler,200,1,2624172.0,8602.32,2615569.68,0.9967218917052694,0.0,3.0
Jeep,Wrangler,11,2622985.4545454546,7909.101818181819,2615076.3527272725,0.9968167195849744,0.15990037359900375,3.727272727272727
Dodge,Durango,5,2622291.8,8216.088,2614075.7120000003,0.996784967177577,0.08,5.2
Kia,Spectra,6,2621450.6666666665,8230.06,2613220.606666667,0.9967934615789268,0.04383561643835616,4.666666666666667
Pontiac,LeMans,8,2620026.875,9084.465,2610942.41,0.9962949645068563,0.12773972602739725,3.625
Mazda,Tribute,4,2616092.5,7185.9,2608906.6,0.9972240910297732,0.2952054794520548,3.0
Pontiac,Parisienne,1,2618811.0,9972.72,2608838.28,0.9961918901364015,0.1780821917808219,7.0
Jeep,Commander,5,2616540.4,7906.752,2608633.648,0.9967834877157399,0.12273972602739724,4.2
GMC,2500,5,2616237.0,7991.520000000001,2608245.48,0.9965527652452643,0.13315068493150686,4.8
Ford,ZX2,1,2615902.0,7976.039999999999,2607925.96,0.9969509408227066,0.0,7.0
Hillman,Minx Magnificent,1,2616124.0,9263.28,2606860.72,0.9964591586637331,0.0,3.0
Toyota,Echo,3,2615040.0,8216.84,2606823.16,0.9967649995972251,0.14703196347031963,3.3333333333333335
BMW,X5,10,2614640.6,8552.796,2606087.804,0.9964670353407996,0.027945205479452055,3.8
GMC,Safari,8,2612056.5,7966.005,2604090.495,0.9968015457996324,0.16815068493150684,4.0
Tesla,Model S,1,2610051.0,6995.76,2603055.24,0.997319684557888,0.3232876712328767,1.0
Volkswagen,R32,1,2609176.0,9036.84,2600139.16,0.9965365157429013,0.3150684931506849,3.0
Pontiac,6000,4,2604511.75,8441.43,2596070.3200000003,0.996459632235674,0.05547945205479452,3.75
Nissan,370Z,3,2601977.3333333335,7067.839999999999,2594909.4933333336,0.9970988124070453,0.0,6.333333333333333
Honda,Element,5,2601800.4,8201.880000000001,2593598.52,0.9966660344279598,0.13260273972602737,2.4
Suzuki,Reno,2,2601341.5,9238.380000000001,2592103.12,0.99636371082951,0.1643835616438356,5.5
Chevrolet,G-Series G10,2,2599006.0,7458.66,2591547.34,0.9970744788357557,0.33150684931506846,5.5
Chevrolet,Malibu,8,2595989.5,8336.4,2587653.1,0.9964492625775149,0.11506849315068493,2.875
Ferrari,599 GTB Fiorano,4,2591811.0,8711.46,2583099.54,0.996424922272311,0.1986301369863014,4.0
Mazda,Mazda2,2,2587055.5,7775.1,2579280.4,0.9968001272782872,0.0,4.5
Saab,900,9,2587494.5555555555,8427.386666666665,2579067.168888889,0.9965638029157989,0.22313546423135464,4.666666666666667
Mitsubishi,Montero Sport,4,2584258.0,7366.710000000001,2576891.29,0.9971169536455956,0.14589041095890412,4.75
Porsche,Panamera,3,2585004.3333333335,8865.92,2576138.4133333336,0.9963558743950146,0.1004566210045662,3.0
Saturn,Sky,2,2583148.0,7803.720000000001,2575344.28,0.9967165412725147,0.1684931506849315,2.5
Kia,Rio,5,2582526.4,7720.272,2574806.128,0.9969123341317442,0.16821917808219178,3.2
Mitsubishi,Expo,5,2583356.6,8632.944,2574723.656,0.9966088998395616,0.1610958904109589,3.4
GMC,Envoy,2,2581787.5,7317.839999999999,2574469.66,0.9971623366980098,0.26712328767123283,3.5
Mitsubishi,Montero,12,2581268.9166666665,8331.300000000001,2572937.6166666667,0.9965998688026804,0.22031963470319635,4.083333333333333
Volkswagen,rio,8,2578198.125,7751.28,2570446.845,0.9966583942268007,0.06164383561643836,3.25
Mercury,Marquis,1,2577804.0,10034.880000000001,2567769.12,0.9961071982198803,0.27123287671232876,3.0
Lexus,GX,9,2575108.6666666665,8322.599999999999,2566786.066666667,0.9967317349043111,0.0806697108066971,4.111111111111111
Saturn,Ion,2,2571469.5,8470.02,2562999.48,0.9967047005375362,0.1178082191780822,3.0
BMW,X6,5,2566007.0,8631.960000000001,2557375.04,0.9965209210643791,0.0641095890410959,4.0
BMW,Alpina B7,2,2563401.5,7956.78,2555444.7199999997,0.9968282424710424,0.0,4.0
Toyota,Prius c,1,2560990.0,5832.72,2555157.28,0.9977224745118098,0.20273972602739726,4.0
Porsche,928,8,2562835.75,7716.57,2555119.1799999997,0.9968685918063077,0.09315068493150686,5.125
Acura,Integra,7,2562765.285714286,8939.039999999999,2553826.2457142854,0.9962135074562698,0.04814090019569472,3.5714285714285716
GMC,Jimmy,5,2562447.0,9353.184,2553093.816,0.9962520347495458,0.08657534246575342,5.4
Toyota,Solara,2,2560662.5,8434.619999999999,2552227.88,0.9960722807503186,0.0,1.0
Oldsmobile,88,9,2557737.5555555555,7545.226666666667,2550192.328888889,0.9969168458005266,0.1512937595129376,3.6666666666666665
Volkswagen,Jetta,18,2556856.4444444445,8223.3,2548633.1444444447,0.9965940399655556,0.13713850837138508,4.111111111111111
Buick,Regal,12,2555284.75,8594.12,2546690.63,0.9964556143299729,0.13105022831050228,4.5
Ram,3500,3,2554414.0,7885.88,2546528.12,0.9969183953633688,0.09406392694063927,3.3333333333333335
Ford,E-350 Super Duty Van,2,2552930.5,7845.84,2545084.66,0.9969399431835224,0.0,4.0
Ford,Excursion,7,2548469.8571428573,8376.205714285714,2540093.6514285714,0.9964651501454539,0.16594911937377693,3.857142857142857
Chevrolet,Corvette,22,2547706.090909091,8306.803636363637,2539399.287272727,0.9965741993714466,0.16861768368617683,3.6363636363636362
Ram,2500,1,2545622.0,6747.36,2538874.64,0.9973494257984886,0.27945205479452057,6.0
Dodge,Dynasty,4,2546598.25,8555.46,2538042.79,0.9965168099619591,0.04246575342465753,3.25
Lexus,LS Hybrid,1,2544206.0,7806.48,2536399.52,0.996931663552401,0.0,4.0
Land Rover,LR3,3,2544451.3333333335,9353.92,2535097.4133333336,0.9957447389684319,0.1589041095890411,3.3333333333333335
Ford,LTD,4,2543560.5,9333.39,2534227.1100000003,0.9960853097030125,0.13013698630136988,5.25
Acura,MDX,3,2541886.3333333335,8775.519999999999,2533110.813333333,0.9964193976073403,0.22100456621004563,4.666666666666667
Merkur,XR4Ti,3,2540830.6666666665,8055.2,2532775.466666667,0.9964872566620891,0.17260273972602738,1.6666666666666667
Subaru,B9 Tribeca,2,2539926.0,8199.96,2531726.04,0.9967759076088365,0.0,5.0
Volkswagen,Type 2,5,2540256.8,8748.696,2531508.104,0.995946883112981,0.1632876712328767,4.6
GMC,Envoy XUV,1,2538655.0,7806.599999999999,2530848.4,0.9969249070866265,0.0,5.0
Mitsubishi,Starion,1,2537638.0,8117.88,2529520.12,0.9968010094426393,0.0,5.0
Land Rover,Range Rover Sport,5,2536482.6,8182.944,2528299.6560000004,0.9965437072565655,0.05698630136986301,4.6
Lexus,GS,6,2535041.0,7748.799999999999,2527292.1999999997,0.996600667759548,0.12557077625570776,3.3333333333333335
GMC,Yukon XL 2500,7,2535087.714285714,8031.462857142857,2527056.2514285715,0.9967232472250267,0.1178082191780822,3.857142857142857
Jaguar,XJ Series,12,2534466.0833333335,8611.84,2525854.243333333,0.9956724418028539,0.04885844748858448,3.6666666666666665
Mitsubishi,Lancer,7,2532254.1428571427,8473.765714285715,2523780.3771428573,0.9966182417254539,0.18747553816046966,3.857142857142857
Plymouth,Prowler,1,2528189.0,9176.52,2519012.48,0.996370318832967,0.0,3.0
MINI,Cooper Countryman,1,2524140.0,7154.64,2516985.36,0.9971655137987592,0.3506849315068493,6.0
BMW,1 Series,1,2524127.0,8854.079999999998,2515272.92,0.9964922208747816,0.0,4.0
Mercury,Tracer,6,2522768.3333333335,8516.720000000001,2514251.6133333333,0.9964537915714514,0.1730593607305936,3.5
Plymouth,Colt Vista,3,2519217.3333333335,6856.68,2512360.6533333333,0.9971371498183799,0.1954337899543379,4.0
Mercedes-Benz,Sprinter 2500,1,2518535.0,8034.12,2510500.88,0.9968100026404239,0.26575342465753427,2.0
GMC,Yukon XL,1,2520061.0,9960.36,2510100.64,0.9960475718643319,0.0,7.0
Mazda,Mazda6,6,2510937.1666666665,8375.12,2502562.046666667,0.9962004293341916,0.14063926940639268,4.833333333333333
Buick,Reatta,4,2509886.25,7479.179999999999,2502407.07,0.9968861671148186,0.2945205479452055,4.0
Scion,xD,4,2509724.5,7685.91,2502038.59,0.9966547638323724,0.13493150684931507,3.5
Mazda,RX-7,4,2510129.0,8652.960000000001,2501476.04,0.9961619511679372,0.0636986301369863,2.0
BMW,550,2,2508973.0,9109.86,2499863.14,0.9962400446866142,0.1178082191780822,5.0
Lincoln,MKS,3,2507881.6666666665,8317.32,2499564.3466666667,0.9966432694043461,0.25388127853881276,4.0
Subaru,Tribeca,4,2505825.25,7245.629999999999,2498579.62,0.9968100789085851,0.22671232876712327,6.25
Audi,Allroad,5,2500469.4,8893.511999999999,2491575.888,0.9964216548397123,0.15616438356164383,4.6
Mercedes-Benz,SLS AMG,1,2498773.0,8450.64,2490322.36,0.9966180841557035,0.0,4.0
Nissan,Xterra,6,2489099.1666666665,8146.360000000001,2480952.8066666666,0.9964407180673547,0.21278538812785386,5.333333333333333
Kia,Soul,2,2486076.5,8474.64,2477601.86,0.996591352780671,0.1136986301369863,5.0
Audi,5000CS Quattro,1,2484144.0,7579.4400000000005,2476564.56,0.9969488725291288,0.3041095890410959,1.0
Hyundai,Sonata,12,2482988.0,8333.37,2474654.63,0.9965209189341895,0.10776255707762557,3.4166666666666665
Chevrolet,Silverado 1500,10,2476570.3,8673.6,2467896.7,0.996364685632873,0.1471232876712329,4.1
Toyota,FJ Cruiser,5,2473323.0,8041.944,2465281.056,0.9966548721371616,0.2756164383561644,2.2
Chevrolet,APV,2,2474103.0,9003.18,2465099.8200000003,0.9960834531289926,0.10821917808219178,6.5
Pontiac,Sunfire,6,2472173.3333333335,7597.420000000001,2464575.9133333336,0.9963849409671771,0.10091324200913243,3.6666666666666665
Bentley,Continental,2,2470893.5,8811.36,2462082.14,0.9957887047868881,0.09178082191780822,6.0
Toyota,Camry Solara,1,2470811.0,9046.2,2461764.8,0.9963387729777793,0.0,7.0
Lexus,HS,1,2467144.0,7325.280000000001,2459818.72,0.9970308664593556,0.19452054794520549,3.0
Volkswagen,Jetta III,1,2467067.0,10498.08,2456568.92,0.9957447122433237,0.0,7.0
Mazda,B2500,1,2463452.0,7340.160000000001,2456111.84,0.9970203762849854,0.0,2.0
Oldsmobile,98,2,2463812.0,8430.24,2455381.76,0.9964634172783662,0.2534246575342466,3.5
Mercedes-Benz,400SE,1,2464192.0,9859.32,2454332.68,0.9959989643664131,0.35342465753424657,3.0
Subaru,Leone,2,2462230.5,8356.14,2453874.36,0.9965275371077975,0.0,3.0
GMC,Sonoma Club,1,2463434.0,9983.400000000001,2453450.6,0.9959473645325997,0.29315068493150687,1.0
Maserati,430,1,2461850.0,8761.199999999999,2453088.8,0.9964412129089911,0.0,1.0
Acura,RSX,1,2457085.0,6213.24,2450871.76,0.9974712962718016,0.0,7.0
Lotus,Elise,6,2453537.6666666665,7955.5,2445582.1666666665,0.9965875498920399,0.1771689497716895,4.5
Mercedes-Benz,300D,1,2454305.0,8980.68,2445324.32,0.9963408459828749,0.0,3.0
BMW,745,2,2453899.5,8716.380000000001,2445183.12,0.9964420916593726,0.26986301369863014,1.0
Mitsubishi,3000GT,4,2445422.0,6993.9,2438428.1,0.9971287244727188,0.07465753424657534,4.5
Austin,Mini Cooper S,1,2445694.0,9903.960000000001,2435790.04,0.995950450056303,0.0,4.0
Dodge,D350 Club,2,2439517.0,8044.02,2431472.98,0.9967116256273427,0.07397260273972603,5.5
Acura,RDX,5,2435866.4,7883.231999999999,2427983.168,0.9965093360149011,0.07013698630136986,4.2
Spyker,C8 Double 12 S,1,2435672.0,8249.16,2427422.84,0.9966131892964241,0.0,4.0
Dodge,Daytona,4,2433539.0,6998.580000000001,2426540.42,0.997051114774553,0.07602739726027398,3.25
Mercedes-Benz,300E,1,2435072.0,10037.4,2425034.6,0.9958779863593357,0.19726027397260273,5.0
BMW,Z4 M,3,2430435.3333333335,7029.240000000001,2423406.0933333333,0.9970929308952016,0.0,4.333333333333333
Mercedes-Benz,600SEC,1,2430013.0,9651.960000000001,2420361.04,0.996028021249269,0.0,3.0
Dodge,Ramcharger,3,2412247.6666666665,8001.64,2404246.026666667,0.9963840107005303,0.19817351598173516,2.3333333333333335
Buick,Roadmaster,5,2412350.0,8445.912,2403904.0880000005,0.9964658181218988,0.12109589041095889,5.0
GMC,3500 Club Coupe,3,2411940.3333333335,8143.0,2403797.3333333335,0.9961015286661553,0.10593607305936074,3.3333333333333335
Ford,Contour,2,2410549.5,7468.8,2403080.7,0.9968842107347528,0.14794520547945206,4.5
Ford,GT500,2,2410829.5,9036.060000000001,2401793.44,0.9960006580588212,0.0,4.0
Chrysler,Voyager,1,2406390.0,9909.0,2396481.0,0.9958822136062733,0.25205479452054796,7.0
Pontiac,Fiero,3,2386920.3333333335,7595.160000000001,2379325.1733333333,0.996716299061538,0.15159817351598173,2.6666666666666665
Audi,200,1,2389039.0,10062.96,2378976.04,0.9957878628184805,0.0,4.0
BMW,5 Series,9,2386726.5555555555,8095.399999999999,2378631.1555555556,0.9961337140549649,0.11354642313546422,2.6666666666666665
Plymouth,Neon,8,2385995.375,8505.345,2377490.0300000003,0.9963171708847884,0.13013698630136986,4.125
Honda,Crosstour,1,2376711.0,9375.24,2367335.76,0.9960553723191418,0.0,1.0
Volkswagen,Touareg,4,2367170.5,8694.539999999999,2358475.96,0.996302054630814,0.15684931506849314,3.5
Aptera,Typ-1,1,2361608.0,8427.96,2353180.04,0.9964312620892206,0.0,7.0
Ferrari,612 Scaglietti,3,2358671.0,8045.639999999999,2350625.36,0.9964156473870728,0.04383561643835616,2.6666666666666665
Hyundai,Azera,2,2356395.0,7766.82,2348628.1799999997,0.9966600719635998,0.17534246575342466,7.0
Toyota,Matrix,6,2354159.3333333335,8122.099999999999,2346037.233333333,0.9963797530345287,0.254337899543379,3.8333333333333335
Toyota,Prius,5,2340035.4,7585.392000000002,2332450.0080000004,0.9967332522446422,0.15178082191780823,4.4
Jeep,Cherokee,4,2327970.5,8405.58,2319564.92,0.9962216170213692,0.15821917808219177,4.5
Mercedes-Benz,300SD,1,2326729.0,9315.48,2317413.52,0.9959963192963168,0.2136986301369863,7.0
Suzuki,Aerio,4,2325236.75,8501.88,2316734.87,0.9962047105780119,0.16164383561643836,4.0
GMC,Sierra 3500,4,2323314.75,7973.16,2315341.59,0.9964963707589037,0.10410958904109589,3.25
Chevrolet,Prizm,2,2318814.0,8023.74,2310790.26,0.9965432846228459,0.0,2.5
Honda,CR-Z,1,2316240.0,6844.799999999999,2309395.2,0.9970448658170139,0.0,6.0
Dodge,Caliber,5,2295610.4,8188.104000000001,2287422.296,0.9961323071311952,0.12438356164383561,2.8
Maserati,Spyder,5,2293131.2,8765.928,2284365.272,0.9958993787365975,0.04438356164383562,3.4
Infiniti,QX56,4,2287005.75,9025.470000000001,2277980.28,0.9957670322408879,0.20136986301369864,5.25
Audi,RS 4,1,2284598.0,10061.76,2274536.24,0.9955958291130432,0.20821917808219179,2.0
GMC,Terrain,1,2281582.0,7555.4400000000005,2274026.56,0.9966885082368286,0.0,5.0
Oldsmobile,Toronado,4,2281662.75,8746.32,2272916.43,0.9951256524645963,0.21643835616438356,3.0
Rolls-Royce,Phantom,4,2273352.75,8374.74,2264978.01,0.9961642331747615,0.13493150684931507,5.25
Land Rover,LR2,1,2273274.0,9045.36,2264228.64,0.9960209987885315,0.0,2.0
Chrysler,Pacifica,1,2269403.0,7393.799999999999,2262009.2,0.9967419625337589,0.0,6.0
Maybach,62,4,2266416.75,8187.0599999999995,2258229.69,0.9961810236453019,0.14109589041095888,5.0
Hyundai,Tucson,1,2262519.0,8393.28,2254125.72,0.9962902941367565,0.0,2.0
Ford,Fiesta,2,2257770.5,7339.38,2250431.12,0.9967466993618721,0.07808219178082192,4.0
Cadillac,CTS-V,5,2254054.6,8261.208,2245793.392,0.9961256792864788,0.2032876712328767,3.2
GMC,Sierra Hybrid,2,2253763.0,8192.34,2245570.66,0.9963463426022995,0.19041095890410958,2.5
Hummer,H3T,1,2253049.0,7501.920000000001,2245547.08,0.9966703254123634,0.32054794520547947,4.0
Maserati,GranSport,2,2248586.5,7746.0599999999995,2240840.44,0.9965461822444901,0.0,4.5
BMW,645,1,2245775.0,6614.88,2239160.12,0.9970545223809153,0.1726027397260274,6.0
Chevrolet,Sportvan G30,3,2245023.6666666665,8131.84,2236891.8266666667,0.9963306182779647,0.0,6.333333333333333
Land Rover,Sterling,1,2238701.0,9202.2,2229498.8,0.9958894912719474,0.0,3.0
Lexus,RX Hybrid,3,2237365.3333333335,8295.92,2229069.4133333336,0.995784339444257,0.11050228310502284,4.666666666666667
Mercedes-Benz,GLK-Class,2,2231142.5,7732.4400000000005,2223410.06,0.9965132770054402,0.13287671232876713,3.0
Mercedes-Benz,R-Class,2,2221147.0,8979.779999999999,2212167.2199999997,0.9959480541929571,0.25753424657534246,6.0
Chevrolet,Uplander,3,2216503.3333333335,8315.88,2208187.4533333336,0.9958935703561789,0.14337899543378996,3.6666666666666665
Audi,A5,4,2207393.5,9483.15,2197910.35,0.9956476897862283,0.0,4.5
Chevrolet,Traverse,2,2199346.5,7180.860000000001,2192165.64,0.9967394587508656,0.19863013698630136,6.5
GMC,Sierra,3,2187867.0,9647.04,2178219.96,0.9955038699301947,0.18995433789954339,3.3333333333333335
Toyota,TundraMax,1,2181532.0,7342.799999999999,2174189.2,0.9966341085072327,0.3150684931506849,2.0
Mitsubishi,Outlander,8,2177589.375,8768.985,2168820.39,0.9958603538655717,0.05582191780821917,3.875
Audi,S6,4,2177154.5,8731.95,2168422.55,0.9959786608314881,0.1541095890410959,2.25
Alfa Romeo,164,2,2173400.5,8947.86,2164452.64,0.9958716911569232,0.1095890410958904,4.0
GMC,Canyon,2,2169041.5,8892.9,2160148.6,0.9957490289639535,0.0,4.0
Chevrolet,Metro,3,2160363.3333333335,8126.56,2152236.7733333334,0.9961241013332257,0.12694063926940638,4.333333333333333
Aston Martin,DBS,1,2157940.0,9160.199999999999,2148779.8,0.9957551183072745,0.0,5.0
Suzuki,Forenza,1,2153032.0,9378.24,2143653.76,0.9956441706393587,0.1506849315068493,5.0
Mazda,Protege,2,2150626.0,8220.6,2142405.4,0.9958662358616799,0.136986301369863,3.5
Pontiac,Turbo Firefly,2,2146752.0,8421.779999999999,2138330.2199999997,0.9958700740509638,0.0,5.0
Saturn,L-Series,6,2137617.3333333335,7550.419999999999,2130066.9133333336,0.9962805465162378,0.19269406392694063,4.166666666666667
Mazda,Mazda6 Sport,1,2133869.0,6349.92,2127519.08,0.9970242221992072,0.29041095890410956,1.0
Toyota,Venza,2,2134719.5,7993.68,2126725.8200000003,0.9949385784151241,0.20684931506849316,2.0
Ford,E-350 Super Duty,1,2110949.0,8896.44,2102052.56,0.9957855732184908,0.0,2.0
Pontiac,Gemini,3,2105125.3333333335,7938.68,2097186.6533333333,0.9962279550744028,0.1004566210045662,5.333333333333333
Suzuki,Esteem,2,2082453.0,8294.16,2074158.8399999999,0.9959851571670063,0.1917808219178082,1.5
Chevrolet,Vega,1,2070922.0,9883.32,2061038.68,0.9952275749641947,0.0,1.0
Lincoln,Mark VII,1,2065954.0,6430.200000000001,2059523.8,0.9968875396063998,0.0,5.0
Maserati,GranTurismo,1,2048329.0,9600.24,2038728.76,0.9953131357316134,0.0,6.0
Porsche,914,1,2008247.0,9080.400000000001,1999166.6,0.9954784446335536,0.13972602739726028,6.0
Mercedes-Benz,CL65 AMG,1,2006575.0,7849.5599999999995,1998725.44,0.9960880804355681,0.26575342465753427,2.0
Honda,FCX Clarity,2,1981413.0,7607.219999999999,1973805.7799999998,0.9958983751408771,0.0,2.5
Volkswagen,Corrado,4,1981717.5,7912.95,1973804.55,0.9959611377701015,0.16095890410958902,2.5
Nissan,240SX,4,1968469.25,9004.380000000001,1959464.87,0.9953538155678482,0.0,3.75
Mercedes-Benz,SLS-Class,1,1967448.0,9296.64,1958151.36,0.9952747721922003,0.0,5.0
GMC,Rally Wagon 3500,3,1955252.3333333333,8343.44,1946908.8933333333,0.9952655361179149,0.2009132420091324,2.3333333333333335
Corbin,Sparrow,1,1948663.0,9652.44,1939010.56,0.9950466345386555,0.21095890410958903,7.0
Lincoln,Mark LT,2,1933461.0,8416.86,1925044.1400000001,0.9955077941080941,0.13013698630136986,4.5
BMW,M Roadster,1,1927266.0,6547.200000000001,1920718.8,0.9966028560665731,0.0,2.0
Cadillac,DTS,3,1928444.3333333333,8507.28,1919937.0533333335,0.9954500082001402,0.10776255707762557,5.333333333333333
Volvo,850,2,1927810.5,8685.36,1919125.14,0.9949932671484589,0.13835616438356163,2.0
Mercury,Lynx,1,1926247.0,10031.16,1916215.84,0.9947923812470572,0.0,3.0
Jaguar,X-Type,1,1919821.0,6567.0,1913254.0,0.9965793685973848,0.0,4.0
Hummer,H2,2,1898082.0,8876.76,1889205.2400000002,0.9948073813299935,0.14520547945205478,2.5
Kia,Borrego,1,1888683.0,6923.76,1881759.24,0.9963340804147652,0.29315068493150687,3.0
Mazda,B2600,1,1882617.0,7249.200000000001,1875367.8,0.9961494026666072,0.0,2.0
Chevrolet,Avalanche 2500,2,1819246.0,8910.060000000001,1810335.94,0.9948619460555679,0.18767123287671234,2.0
Dodge,D150 Club,1,1794058.0,9296.279999999999,1784761.72,0.9948182946147783,0.0,5.0
Saturn,Relay,1,1785795.0,9677.76,1776117.24,0.9945806993523892,0.0,3.0
Eagle,Talon,3,1783446.0,7384.4800000000005,1776061.5200000003,0.9957700446685153,0.23287671232876714,2.3333333333333335
Chevrolet,Lumina APV,1,1726306.0,6887.64,1719418.36,0.9960101859114202,0.0,2.0
Dodge,Aspen,1,1655654.0,7513.32,1648140.68,0.9954620228622647,0.0,5.0
Plymouth,Volare,1,1646310.0,8728.32,1637581.68,0.9946982524554914,0.28493150684931506,1.0
Audi,5000CS,1,1495743.0,10012.8,1485730.2,0.9933058018656948,0.0,1.0
Dodge,Sprinter,1,1477504.0,7293.84,1470210.16,0.9950634042276704,0.24383561643835616,6.0
Fiat,500,1,1474112.0,8220.24,1465891.76,0.9944235987496202,0.0,4.0
Ford,Aspire,1,1349303.0,7637.76,1341665.24,0.9943394774931946,0.29315068493150687,1.0
Daewoo,Nubira,1,1208266.0,10027.92,1198238.08,0.9917005692455139,0.29041095890410956,5.0
